name,datetime,tempmax,tempmin,temp,feelslikemax,feelslikemin,feelslike,dew,humidity,precip,precipprob,precipcover,preciptype,snow,snowdepth,windgust,windspeed,winddir,sealevelpressure,cloudcover,visibility,solarradiation,solarenergy,uvindex,severerisk,sunrise,sunset,moonphase,conditions,description,icon,stations
"Osun, Ekiti, Nigeria",2020-01-01,90.1,64.7,76.3,86.2,64.7,75.1,39.4,27.7,0.0,0,0.0,,0,0,21.7,7.8,14.8,1011.6,42.1,,256.4,22.2,9,,2020-01-01T06:52:57,2020-01-01T18:32:57,0.2,Partially cloudy,Partly cloudy throughout the day.,partly-cloudy-day,remote
"Osun, Ekiti, Nigeria",2020-01-02,85.7,63.8,73.0,83.0,63.8,72.4,40.1,31.1,0.0,0,0.0,,0,0,23.9,18.3,17.6,1013.3,31.1,5.0,256.4,22.2,9,,2020-01-02T06:53:23,2020-01-02T18:33:28,0.23,Partially cloudy,Partly cloudy throughout the day.,partly-cloudy-day,"65215099999,remote"
"Osun, Ekiti, Nigeria",2020-01-03,87.2,57.8,70.1,83.9,57.8,69.6,39.0,33.6,0.0,0,0.0,,0,0,21.3,8.7,22.2,1014.0,22.1,5.0,257.4,22.2,9,,2020-01-03T06:53:47,2020-01-03T18:34:00,0.25,Partially cloudy,Becoming cloudy in the afternoon.,partly-cloudy-day,"65215099999,remote"
"Osun, Ekiti, Nigeria",2020-01-04,86.4,59.3,71.8,83.3,59.3,71.1,40.7,34.0,0.0,0,0.0,,0,0,17.2,8.1,26.0,1013.5,46.0,,254.4,22.0,9,,2020-01-04T06:54:11,2020-01-04T18:34:31,0.3,Partially cloudy,Partly cloudy throughout the day.,partly-cloudy-day,remote
"Osun, Ekiti, Nigeria",2020-01-05,87.5,62.0,74.4,84.3,62.0,73.6,44.8,36.2,0.0,0,0.0,,0,0,18.6,10.3,42.0,1012.0,70.4,2.5,248.9,21.6,9,,2020-01-05T06:54:34,2020-01-05T18:35:02,0.33,Partially cloudy,Partly cloudy throughout the day.,partly-cloudy-day,"65215099999,remote"
"Osun, Ekiti, Nigeria",2020-01-06,90.6,66.6,78.3,88.2,66.6,77.3,49.4,37.8,0.0,0,0.0,,0,0,12.3,6.9,59.2,1011.0,62.4,1.9,228.0,19.8,8,,2020-01-06T06:54:56,2020-01-06T18:35:33,0.36,Partially cloudy,Partly cloudy throughout the day.,partly-cloudy-day,"65215099999,remote"
"Osun, Ekiti, Nigeria",2020-01-07,92.2,68.3,79.6,89.8,68.3,78.7,52.7,40.9,0.0,0,0.0,,0,0,15.0,9.2,50.9,1010.5,39.6,4.1,238.6,20.5,9,,2020-01-07T06:55:18,2020-01-07T18:36:04,0.39,Partially cloudy,Partly cloudy throughout the day.,partly-cloudy-day,"65215099999,remote"
"Osun, Ekiti, Nigeria",2020-01-08,93.6,69.2,80.5,92.2,69.2,79.8,55.2,43.9,0.0,0,0.0,,0,0,15.4,8.1,37.3,1011.5,47.5,1.5,239.3,20.6,9,,2020-01-08T06:55:39,2020-01-08T18:36:35,0.42,Partially cloudy,Partly cloudy throughout the day.,partly-cloudy-day,"65215099999,remote"
"Osun, Ekiti, Nigeria",2020-01-09,94.4,65.9,80.8,91.5,65.9,79.6,51.9,39.8,0.0,0,0.0,,0,0,15.0,6.7,25.4,1011.4,50.6,4.3,253.6,22.0,9,,2020-01-09T06:55:59,2020-01-09T18:37:05,0.46,Partially cloudy,Partly cloudy throughout the day.,partly-cloudy-day,"65215099999,remote"
"Osun, Ekiti, Nigeria",2020-01-10,92.4,67.4,79.4,91.5,67.4,79.5,60.8,55.9,0.0,0,0.0,,0,0,15.2,10.3,194.5,1012.6,52.5,5.0,227.9,19.7,8,,2020-01-10T06:56:18,2020-01-10T18:37:36,0.5,Partially cloudy,Partly cloudy throughout the day.,partly-cloudy-day,"65215099999,remote"
"Osun, Ekiti, Nigeria",2020-01-11,91.8,70.4,78.8,94.1,70.4,79.7,68.6,74.0,0.032,100,16.67,rain,0,0,19.2,8.3,210.8,1013.4,53.8,5.0,200.2,17.2,7,,2020-01-11T06:56:37,2020-01-11T18:38:05,0.52,"Rain, Partially cloudy",Partly cloudy throughout the day with rain.,rain,"65215099999,remote"
"Osun, Ekiti, Nigeria",2020-01-12,93.1,72.4,81.0,93.9,72.4,81.5,66.3,66.2,0.0,0,0.0,,0,0,16.8,6.5,329.0,1012.6,54.3,,205.1,17.8,8,,2020-01-12T06:56:55,2020-01-12T18:38:35,0.56,Partially cloudy,Partly cloudy throughout the day.,partly-cloudy-day,remote
"Osun, Ekiti, Nigeria",2020-01-13,93.5,70.4,81.5,92.2,70.4,81.2,61.1,53.6,0.0,0,0.0,,0,0,11.4,5.1,160.3,1010.0,19.4,5.0,231.0,19.9,9,,2020-01-13T06:57:12,2020-01-13T18:39:04,0.59,Clear,Clear conditions throughout the day.,clear-day,"65215099999,remote"
"Osun, Ekiti, Nigeria",2020-01-14,95.6,70.4,81.2,92.8,70.4,80.1,60.5,58.4,0.0,0,0.0,,0,0,15.4,6.3,304.3,1009.4,6.9,,256.2,22.2,9,,2020-01-14T06:57:28,2020-01-14T18:39:33,0.63,Clear,Clear conditions throughout the day.,clear-day,remote
"Osun, Ekiti, Nigeria",2020-01-15,96.2,66.8,81.1,92.9,66.8,79.7,53.5,44.1,0.0,0,0.0,,0,0,16.3,7.8,359.2,1009.8,7.6,,258.9,22.4,9,,2020-01-15T06:57:43,2020-01-15T18:40:02,0.66,Clear,Clear conditions throughout the day.,clear-day,remote
"Osun, Ekiti, Nigeria",2020-01-16,94.0,67.4,80.5,90.4,67.4,79.1,47.3,33.2,0.0,0,0.0,,0,0,17.9,8.5,27.5,1011.4,0.3,,261.2,22.5,9,,2020-01-16T06:57:57,2020-01-16T18:40:30,0.7,Clear,Clear conditions throughout the day.,clear-day,remote
"Osun, Ekiti, Nigeria",2020-01-17,92.9,64.7,78.7,88.7,64.7,77.2,44.4,32.6,0.0,0,0.0,,0,0,18.3,8.1,29.7,1012.7,0.0,,266.1,23.0,9,,2020-01-17T06:58:10,2020-01-17T18:40:57,0.75,Clear,Clear conditions throughout the day.,clear-day,remote
"Osun, Ekiti, Nigeria",2020-01-18,91.3,64.7,78.4,87.6,64.7,77.1,45.9,34.8,0.0,0,0.0,,0,0,14.8,7.6,20.3,1013.3,4.8,5.0,265.2,22.8,9,,2020-01-18T06:58:23,2020-01-18T18:41:25,0.77,Clear,Clear conditions throughout the day.,clear-day,"65215099999,remote"
"Osun, Ekiti, Nigeria",2020-01-19,90.4,65.0,77.2,87.2,65.0,76.1,45.0,33.3,0.0,0,0.0,,0,0,16.8,8.1,40.3,1012.2,11.0,3.1,262.5,22.6,9,,2020-01-19T06:58:34,2020-01-19T18:41:51,0.81,Clear,Clear conditions throughout the day.,clear-day,"65215099999,remote"
"Osun, Ekiti, Nigeria",2020-01-20,92.2,67.4,79.4,89.0,67.4,78.2,47.0,33.6,0.0,0,0.0,,0,0,17.0,6.9,69.0,1010.7,54.2,3.1,263.1,22.6,9,,2020-01-20T06:58:45,2020-01-20T18:42:17,0.84,Partially cloudy,Partly cloudy throughout the day.,partly-cloudy-day,"65215099999,remote"
"Osun, Ekiti, Nigeria",2020-01-21,93.5,68.3,81.4,90.3,68.3,80.3,49.4,34.0,0.0,0,0.0,,0,0,17.9,10.3,37.7,1011.4,44.7,3.1,261.5,22.5,9,,2020-01-21T06:58:55,2020-01-21T18:42:43,0.88,Partially cloudy,Becoming cloudy in the afternoon.,partly-cloudy-day,"65215099999,remote"
"Osun, Ekiti, Nigeria",2020-01-22,95.3,69.5,81.7,92.0,69.5,80.4,49.4,34.2,0.0,0,0.0,,0,0,18.3,7.6,38.8,1011.1,40.1,,263.7,22.7,9,,2020-01-22T06:59:03,2020-01-22T18:43:08,0.91,Partially cloudy,Becoming cloudy in the afternoon.,partly-cloudy-day,remote
"Osun, Ekiti, Nigeria",2020-01-23,94.4,66.3,80.2,90.1,66.3,78.7,42.9,29.0,0.0,0,0.0,,0,0,19.0,8.3,44.4,1011.2,25.3,,270.2,23.3,9,,2020-01-23T06:59:11,2020-01-23T18:43:33,0.95,Partially cloudy,Partly cloudy throughout the day.,partly-cloudy-day,remote
"Osun, Ekiti, Nigeria",2020-01-24,93.5,68.6,80.2,89.3,68.6,78.6,32.3,19.1,0.0,0,0.0,,0,0,21.3,9.2,43.2,1012.5,15.3,3.1,276.1,23.8,9,,2020-01-24T06:59:17,2020-01-24T18:43:57,0.0,Clear,Clear conditions throughout the day.,clear-day,"65215099999,remote"
"Osun, Ekiti, Nigeria",2020-01-25,92.9,64.8,78.5,88.4,64.8,77.0,30.2,18.1,0.0,0,0.0,,0,0,22.4,10.3,36.6,1012.9,70.8,5.0,279.6,24.1,10,,2020-01-25T06:59:23,2020-01-25T18:44:20,0.02,Partially cloudy,Partly cloudy throughout the day.,partly-cloudy-day,"65215099999,remote"
"Osun, Ekiti, Nigeria",2020-01-26,94.0,61.1,78.5,89.5,61.1,76.8,33.0,20.9,0.0,0,0.0,,0,0,17.7,11.4,41.6,1012.9,76.4,2.1,277.5,24.0,10,,2020-01-26T06:59:28,2020-01-26T18:44:43,0.05,Partially cloudy,Partly cloudy throughout the day.,partly-cloudy-day,"65215099999,remote"
"Osun, Ekiti, Nigeria",2020-01-27,94.6,66.1,79.9,90.0,66.1,78.2,32.6,19.0,0.0,0,0.0,,0,0,16.3,7.6,39.7,1011.8,0.0,,276.0,23.8,9,,2020-01-27T06:59:32,2020-01-27T18:45:05,0.08,Clear,Clear conditions throughout the day.,clear-day,remote
"Osun, Ekiti, Nigeria",2020-01-28,96.0,62.7,79.3,91.3,62.7,77.5,37.5,26.2,0.0,0,0.0,,0,0,13.6,10.3,18.6,1011.8,33.3,3.1,272.9,23.5,9,,2020-01-28T06:59:34,2020-01-28T18:45:26,0.12,Partially cloudy,Clearing in the afternoon.,partly-cloudy-day,"65215099999,remote"
"Osun, Ekiti, Nigeria",2020-01-29,95.6,66.1,80.4,90.9,66.1,78.6,36.4,23.6,0.0,0,0.0,,0,0,19.2,9.2,24.6,1011.7,37.6,3.7,275.5,23.9,9,,2020-01-29T06:59:36,2020-01-29T18:45:47,0.15,Partially cloudy,Clearing in the afternoon.,partly-cloudy-day,"65215099999,remote"
"Osun, Ekiti, Nigeria",2020-01-30,98.0,65.0,80.2,93.0,65.0,78.3,32.8,20.1,0.0,0,0.0,,0,0,17.2,10.3,31.7,1013.0,25.6,4.1,280.6,24.1,10,,2020-01-30T06:59:37,2020-01-30T18:46:07,0.18,Partially cloudy,Partly cloudy throughout the day.,partly-cloudy-day,"65215099999,remote"
"Osun, Ekiti, Nigeria",2020-01-31,96.7,59.8,79.4,92.0,59.8,77.7,35.8,23.2,0.0,0,0.0,,0,0,16.6,6.9,41.7,1013.0,7.8,4.1,280.4,24.1,10,,2020-01-31T06:59:37,2020-01-31T18:46:27,0.21,Clear,Clear conditions throughout the day.,clear-day,"65215099999,remote"
"Osun, Ekiti, Nigeria",2020-02-01,97.1,67.2,80.5,92.2,67.2,78.8,35.6,21.3,0.0,0,0.0,,0,0,17.7,10.3,41.9,1012.8,9.0,5.0,279.7,24.0,10,,2020-02-01T06:59:35,2020-02-01T18:46:46,0.25,Clear,Clear conditions throughout the day.,clear-day,"65215099999,remote"
"Osun, Ekiti, Nigeria",2020-02-02,96.2,64.7,79.3,91.3,64.7,77.6,32.8,19.9,0.0,0,0.0,,0,0,19.2,13.9,18.5,1013.0,11.4,5.0,279.8,24.0,10,,2020-02-02T06:59:33,2020-02-02T18:47:04,0.25,Clear,Clear conditions throughout the day.,clear-day,"65215099999,remote"
"Osun, Ekiti, Nigeria",2020-02-03,94.6,65.6,79.5,89.9,65.6,77.7,33.5,20.2,0.0,0,0.0,,0,0,16.6,7.8,26.0,1012.8,0.0,,280.5,24.1,10,,2020-02-03T06:59:30,2020-02-03T18:47:22,0.31,Clear,Clear conditions throughout the day.,clear-day,remote
"Osun, Ekiti, Nigeria",2020-02-04,94.6,61.2,78.2,90.0,61.2,76.5,41.4,35.2,0.0,0,0.0,,0,0,13.2,6.0,12.4,1012.9,38.4,,275.6,23.7,9,,2020-02-04T06:59:26,2020-02-04T18:47:39,0.34,Partially cloudy,Partly cloudy throughout the day.,partly-cloudy-day,remote
"Osun, Ekiti, Nigeria",2020-02-05,95.6,61.4,79.6,91.3,61.4,77.9,41.5,29.1,0.0,0,0.0,,0,0,15.7,8.1,35.2,1012.0,24.8,5.0,274.3,23.6,9,,2020-02-05T06:59:21,2020-02-05T18:47:55,0.37,Partially cloudy,Partly cloudy throughout the day.,partly-cloudy-day,"65215099999,remote"
"Osun, Ekiti, Nigeria",2020-02-06,96.0,61.1,80.1,91.7,61.1,78.3,40.5,28.1,0.0,0,0.0,,0,0,15.9,9.2,42.3,1011.4,18.5,5.0,275.6,23.8,9,,2020-02-06T06:59:15,2020-02-06T18:48:10,0.41,Clear,Clear conditions throughout the day.,clear-day,"65215099999,remote"
"Osun, Ekiti, Nigeria",2020-02-07,95.4,68.8,81.6,91.1,68.8,79.8,36.8,20.9,0.0,0,0.0,,0,0,21.5,8.5,24.5,1011.7,4.8,,274.9,23.6,9,,2020-02-07T06:59:08,2020-02-07T18:48:25,0.44,Clear,Clear conditions throughout the day.,clear-day,remote
"Osun, Ekiti, Nigeria",2020-02-08,98.3,68.6,82.2,94.4,68.6,80.4,39.1,22.5,0.0,0,0.0,,0,0,18.6,16.1,15.8,1011.3,31.9,5.0,275.2,23.7,9,,2020-02-08T06:59:00,2020-02-08T18:48:39,0.47,Partially cloudy,Becoming cloudy in the afternoon.,partly-cloudy-day,"65215099999,remote"
"Osun, Ekiti, Nigeria",2020-02-09,96.7,67.9,82.0,93.3,67.9,80.6,48.2,32.8,0.0,0,0.0,,0,0,16.1,11.4,134.9,1011.9,39.1,5.0,274.6,23.5,9,,2020-02-09T06:58:51,2020-02-09T18:48:53,0.5,Partially cloudy,Becoming cloudy in the afternoon.,partly-cloudy-day,"65215099999,remote"
"Osun, Ekiti, Nigeria",2020-02-10,93.5,68.8,81.3,90.7,68.8,80.0,56.6,50.3,0.0,0,0.0,,0,0,21.5,8.1,43.3,1013.0,37.2,,270.5,23.4,9,,2020-02-10T06:58:41,2020-02-10T18:49:06,0.54,Partially cloudy,Partly cloudy throughout the day.,partly-cloudy-day,remote
"Osun, Ekiti, Nigeria",2020-02-11,92.6,71.7,81.9,88.6,71.7,80.2,38.6,22.2,0.0,0,0.0,,0,0,21.0,8.3,34.0,1012.4,25.3,,281.4,24.2,10,,2020-02-11T06:58:31,2020-02-11T18:49:18,0.57,Partially cloudy,Partly cloudy throughout the day.,partly-cloudy-day,remote
"Osun, Ekiti, Nigeria",2020-02-12,93.8,68.8,81.2,89.4,68.8,79.5,31.1,16.4,0.0,0,0.0,,0,0,18.3,8.7,38.3,1011.9,20.4,,286.4,24.9,10,,2020-02-12T06:58:19,2020-02-12T18:49:29,0.61,Partially cloudy,Partly cloudy throughout the day.,partly-cloudy-day,remote
"Osun, Ekiti, Nigeria",2020-02-13,95.6,70.1,82.8,91.0,70.1,80.8,34.8,18.6,0.0,0,0.0,,0,0,16.6,7.8,35.0,1011.5,30.3,2.5,286.5,24.9,10,,2020-02-13T06:58:07,2020-02-13T18:49:40,0.64,Partially cloudy,Clearing in the afternoon.,partly-cloudy-day,"65215099999,remote"
"Osun, Ekiti, Nigeria",2020-02-14,96.3,71.0,83.1,91.7,71.0,81.1,35.1,18.5,0.0,0,0.0,,0,0,17.7,7.6,26.2,1010.0,0.0,,286.9,24.9,10,,2020-02-14T06:57:54,2020-02-14T18:49:50,0.68,Clear,Clear conditions throughout the day.,clear-day,remote
"Osun, Ekiti, Nigeria",2020-02-15,98.1,70.8,83.5,93.7,70.8,81.6,36.6,19.8,0.0,0,0.0,,0,0,15.2,7.8,29.1,1009.4,3.2,,286.0,24.9,10,,2020-02-15T06:57:39,2020-02-15T18:49:59,0.75,Clear,Clear conditions throughout the day.,clear-day,remote
"Osun, Ekiti, Nigeria",2020-02-16,98.1,68.4,82.8,93.9,68.4,80.8,44.1,30.0,0.0,0,0.0,,0,0,12.8,6.5,9.1,1010.1,26.4,,286.9,24.8,10,,2020-02-16T06:57:24,2020-02-16T18:50:08,0.75,Partially cloudy,Partly cloudy throughout the day.,partly-cloudy-day,remote
"Osun, Ekiti, Nigeria",2020-02-17,98.7,67.4,82.9,95.5,67.4,81.5,54.5,45.8,0.0,0,0.0,,0,0,12.1,6.9,220.7,1010.8,58.0,4.4,279.7,24.3,10,,2020-02-17T06:57:09,2020-02-17T18:50:17,0.78,Partially cloudy,Partly cloudy throughout the day.,partly-cloudy-day,"65215099999,remote"
"Osun, Ekiti, Nigeria",2020-02-18,99.1,71.1,84.7,97.8,71.1,84.3,62.6,56.0,0.0,0,0.0,,0,0,14.8,6.7,239.9,1011.4,41.6,4.1,278.4,24.1,9,,2020-02-18T06:56:52,2020-02-18T18:50:24,0.82,Partially cloudy,Partly cloudy throughout the day.,partly-cloudy-day,"65215099999,remote"
"Osun, Ekiti, Nigeria",2020-02-19,98.3,71.9,84.4,95.8,71.9,83.0,60.2,54.8,0.0,0,0.0,,0,0,15.0,6.7,25.6,1010.1,37.3,,271.5,23.5,10,,2020-02-19T06:56:35,2020-02-19T18:50:31,0.85,Partially cloudy,Clearing in the afternoon.,partly-cloudy-day,remote
"Osun, Ekiti, Nigeria",2020-02-20,99.1,69.9,85.6,96.2,69.9,84.1,54.6,39.8,0.0,0,0.0,,0,0,15.9,6.3,51.3,1008.7,18.4,5.0,283.6,24.5,10,,2020-02-20T06:56:17,2020-02-20T18:50:37,0.89,Clear,Clear conditions throughout the day.,clear-day,"65215099999,remote"
"Osun, Ekiti, Nigeria",2020-02-21,100.5,71.0,86.0,96.2,71.0,84.0,48.9,33.1,0.0,0,0.0,,0,0,19.7,6.9,78.9,1008.5,14.6,5.0,287.1,25.1,10,,2020-02-21T06:55:58,2020-02-21T18:50:43,0.92,Clear,Clear conditions throughout the day.,clear-day,"65215099999,remote"
"Osun, Ekiti, Nigeria",2020-02-22,100.8,72.9,85.7,99.3,72.9,84.9,59.1,49.3,0.0,0,0.0,,0,0,16.6,11.4,188.0,1009.8,26.6,5.0,267.8,22.9,9,,2020-02-22T06:55:38,2020-02-22T18:50:48,0.96,Partially cloudy,Partly cloudy throughout the day.,partly-cloudy-day,"65215099999,remote"
"Osun, Ekiti, Nigeria",2020-02-23,99.9,73.3,85.8,95.8,73.3,83.7,54.3,45.0,0.0,0,0.0,,0,0,19.7,8.3,17.1,1010.8,45.6,,283.7,24.6,10,,2020-02-23T06:55:18,2020-02-23T18:50:53,0.0,Partially cloudy,Partly cloudy throughout the day.,partly-cloudy-day,remote
"Osun, Ekiti, Nigeria",2020-02-24,100.7,74.4,86.9,96.5,74.4,84.2,37.8,18.6,0.0,0,0.0,,0,0,17.4,8.5,44.8,1010.4,34.5,,293.1,25.3,10,,2020-02-24T06:54:57,2020-02-24T18:50:57,0.03,Partially cloudy,Becoming cloudy in the afternoon.,partly-cloudy-day,remote
"Osun, Ekiti, Nigeria",2020-02-25,99.2,70.6,84.4,97.2,70.6,82.3,39.7,21.7,0.0,0,0.0,,0,0,18.6,6.5,63.2,1010.1,25.0,5.0,295.5,25.4,10,,2020-02-25T06:54:35,2020-02-25T18:51:01,0.06,Partially cloudy,Partly cloudy throughout the day.,partly-cloudy-day,"65215099999,remote"
"Osun, Ekiti, Nigeria",2020-02-26,97.1,69.7,83.6,95.1,69.7,82.9,60.7,53.8,0.0,0,0.0,,0,0,15.4,4.7,214.2,1009.3,59.7,5.0,266.8,23.1,9,,2020-02-26T06:54:13,2020-02-26T18:51:04,0.09,Partially cloudy,Partly cloudy throughout the day.,partly-cloudy-day,"65215099999,remote"
"Osun, Ekiti, Nigeria",2020-02-27,94.6,75.1,84.8,100.6,75.1,86.1,67.5,60.3,0.012,100,12.5,rain,0,0,14.3,6.0,213.6,1010.2,51.4,5.0,237.9,20.6,9,,2020-02-27T06:53:50,2020-02-27T18:51:06,0.13,"Rain, Partially cloudy",Partly cloudy throughout the day with late afternoon rain.,rain,"65215099999,remote"
"Osun, Ekiti, Nigeria",2020-02-28,96.0,74.7,84.1,99.8,74.7,84.8,66.5,60.3,0.012,100,8.33,rain,0,0,15.0,5.1,238.0,1010.7,56.0,5.0,219.6,19.0,8,,2020-02-28T06:53:27,2020-02-28T18:51:08,0.16,"Rain, Partially cloudy",Partly cloudy throughout the day with afternoon rain.,rain,"65215099999,remote"
"Osun, Ekiti, Nigeria",2020-02-29,99.1,74.9,85.5,101.1,74.9,86.1,65.9,59.0,0.0,0,0.0,,0,0,19.0,15.0,240.2,1009.6,83.7,5.6,257.2,22.2,10,,2020-02-29T06:53:03,2020-02-29T18:51:10,0.19,Partially cloudy,Partly cloudy throughout the day.,partly-cloudy-day,"65215099999,remote"
"Osun, Ekiti, Nigeria",2020-03-01,100.1,74.4,83.5,100.1,74.4,85.0,70.2,69.9,0.004,100,4.17,rain,0,0,27.1,13.9,204.5,1010.2,91.6,5.0,234.6,20.2,9,,2020-03-01T06:52:38,2020-03-01T18:51:11,0.23,"Rain, Overcast",Cloudy skies throughout the day with afternoon rain.,rain,"65215099999,remote"
"Osun, Ekiti, Nigeria",2020-03-02,92.4,72.4,80.8,98.5,72.4,83.4,73.4,80.3,0.511,100,33.33,rain,0,0,23.7,9.8,210.8,1012.3,86.3,6.2,197.7,17.0,8,,2020-03-02T06:52:13,2020-03-02T18:51:11,0.25,"Rain, Partially cloudy",Partly cloudy throughout the day with rain.,rain,"65215099999,remote"
"Osun, Ekiti, Nigeria",2020-03-03,93.8,71.7,79.1,96.7,71.7,80.9,70.3,77.2,0.032,100,8.33,rain,0,0,17.9,5.6,220.1,1013.0,96.4,6.2,167.1,14.6,8,,2020-03-03T06:51:47,2020-03-03T18:51:11,0.29,"Rain, Overcast",Cloudy skies throughout the day with rain.,rain,"65215099999,remote"
"Osun, Ekiti, Nigeria",2020-03-04,97.6,73.3,82.5,100.1,73.3,84.7,70.3,71.0,0.048,100,8.33,rain,0,0,17.7,6.7,213.4,1012.2,65.5,7.5,234.2,20.3,9,,2020-03-04T06:51:21,2020-03-04T18:51:11,0.33,"Rain, Partially cloudy",Partly cloudy throughout the day with afternoon rain.,rain,"65215099999,remote"
"Osun, Ekiti, Nigeria",2020-03-05,96.9,74.9,82.4,97.8,74.9,84.8,71.8,74.7,0.166,100,12.5,rain,0,0,22.8,8.1,221.0,1010.9,65.0,6.2,217.6,18.7,9,,2020-03-05T06:50:54,2020-03-05T18:51:11,0.36,"Rain, Partially cloudy",Partly cloudy throughout the day with rain.,rain,"65215099999,remote"
"Osun, Ekiti, Nigeria",2020-03-06,94.2,74.6,79.5,100.3,74.6,81.2,71.9,79.2,0.437,100,29.17,rain,0,0,20.8,11.4,216.7,1010.3,71.5,6.2,202.7,17.5,9,,2020-03-06T06:50:27,2020-03-06T18:51:10,0.39,"Rain, Partially cloudy",Partly cloudy throughout the day with rain.,rain,"65215099999,remote"
"Osun, Ekiti, Nigeria",2020-03-07,99.2,71.7,80.4,101.3,71.7,82.1,70.3,75.2,0.091,100,20.83,rain,0,0,19.7,11.4,211.7,1010.3,61.8,6.2,202.8,17.4,9,,2020-03-07T06:50:00,2020-03-07T18:51:08,0.42,"Rain, Partially cloudy",Partly cloudy throughout the day with rain.,rain,"65215099999,remote"
"Osun, Ekiti, Nigeria",2020-03-08,92.9,74.6,80.9,98.3,74.6,83.0,72.2,77.1,0.173,100,12.5,rain,0,0,23.0,15.0,209.0,1011.3,70.4,7.5,232.5,20.1,9,,2020-03-08T06:49:32,2020-03-08T18:51:06,0.46,"Rain, Partially cloudy",Partly cloudy throughout the day with rain.,rain,"65215099999,remote"
"Osun, Ekiti, Nigeria",2020-03-09,97.2,76.4,84.3,99.9,76.4,86.4,71.3,69.8,0.0,0,0.0,,0,0,22.1,9.4,211.1,1009.9,52.3,6.2,267.0,23.1,10,,2020-03-09T06:49:03,2020-03-09T18:51:04,0.5,Partially cloudy,Clearing in the afternoon.,partly-cloudy-day,"65215099999,remote"
"Osun, Ekiti, Nigeria",2020-03-10,94.9,75.5,82.7,97.8,75.5,84.5,70.1,69.1,0.0,0,0.0,,0,0,19.2,8.7,221.1,1009.0,77.5,,229.4,19.9,10,,2020-03-10T06:48:35,2020-03-10T18:51:02,0.52,Partially cloudy,Partly cloudy throughout the day.,partly-cloudy-day,remote
"Osun, Ekiti, Nigeria",2020-03-11,94.2,72.4,81.5,100.4,72.4,84.6,72.9,78.0,0.096,100,25.0,rain,0,0,22.6,9.8,224.5,1009.5,83.5,6.2,223.8,19.3,9,,2020-03-11T06:48:05,2020-03-11T18:50:59,0.56,"Rain, Partially cloudy",Partly cloudy throughout the day with rain.,rain,"65215099999,remote"
"Osun, Ekiti, Nigeria",2020-03-12,92.9,71.9,80.1,97.6,71.9,82.4,71.4,78.0,0.012,100,8.33,rain,0,0,21.0,11.0,213.4,1009.5,95.9,,190.0,16.6,7,,2020-03-12T06:47:36,2020-03-12T18:50:56,0.59,"Rain, Overcast",Cloudy skies throughout the day with rain.,rain,remote
"Osun, Ekiti, Nigeria",2020-03-13,90.6,73.8,80.2,93.0,73.8,81.4,70.2,74.7,0.008,100,8.33,rain,0,0,17.7,7.6,196.4,1010.3,92.7,,202.5,17.3,8,,2020-03-13T06:47:06,2020-03-13T18:50:53,0.63,"Rain, Overcast",Cloudy skies throughout the day with rain in the morning and afternoon.,rain,remote
"Osun, Ekiti, Nigeria",2020-03-14,94.2,73.8,82.5,96.1,73.8,84.1,70.3,71.3,0.008,100,8.33,rain,0,0,13.2,6.0,224.0,1010.8,91.6,,238.0,20.6,9,,2020-03-14T06:46:37,2020-03-14T18:50:50,0.66,"Rain, Overcast",Cloudy skies throughout the day with morning rain.,rain,remote
"Osun, Ekiti, Nigeria",2020-03-15,96.0,74.0,83.2,95.8,74.0,83.8,68.0,66.5,0.0,0,0.0,,0,0,13.2,7.4,226.3,1009.6,46.4,,284.0,24.6,10,,2020-03-15T06:46:06,2020-03-15T18:50:46,0.7,Partially cloudy,Clearing in the afternoon.,partly-cloudy-day,remote
"Osun, Ekiti, Nigeria",2020-03-16,96.5,73.5,84.4,97.9,73.5,86.3,69.9,67.8,0.0,0,0.0,,0,0,15.9,7.2,212.6,1009.0,42.4,,294.1,25.3,10,,2020-03-16T06:45:36,2020-03-16T18:50:42,0.75,Partially cloudy,Clearing in the afternoon.,partly-cloudy-day,remote
"Osun, Ekiti, Nigeria",2020-03-17,97.2,75.1,84.6,102.4,75.1,87.5,72.3,70.9,0.0,0,0.0,,0,0,18.6,7.6,210.2,1009.6,79.4,6.9,263.1,22.6,9,,2020-03-17T06:45:05,2020-03-17T18:50:38,0.76,Partially cloudy,Partly cloudy throughout the day.,partly-cloudy-day,"65215099999,remote"
"Osun, Ekiti, Nigeria",2020-03-18,96.7,76.4,83.9,101.4,76.4,86.9,73.0,73.6,0.0,0,0.0,,0,0,21.0,8.7,215.4,1009.9,68.9,7.5,257.8,22.2,9,,2020-03-18T06:44:35,2020-03-18T18:50:34,0.8,Partially cloudy,Partly cloudy throughout the day.,partly-cloudy-day,"65215099999,remote"
"Osun, Ekiti, Nigeria",2020-03-19,93.5,74.7,80.8,97.1,74.7,82.3,71.5,76.7,0.012,100,8.33,rain,0,0,23.3,8.7,215.2,1010.2,86.5,6.2,235.3,20.4,8,,2020-03-19T06:44:04,2020-03-19T18:50:30,0.83,"Rain, Partially cloudy",Partly cloudy throughout the day with afternoon rain.,rain,"65215099999,remote"
"Osun, Ekiti, Nigeria",2020-03-20,90.6,74.2,80.5,95.6,74.2,82.4,71.6,76.9,0.008,100,4.17,rain,0,0,26.4,10.7,224.8,1010.7,96.5,,235.6,20.4,9,,2020-03-20T06:43:33,2020-03-20T18:50:25,0.87,"Rain, Overcast",Cloudy skies throughout the day with afternoon rain.,rain,remote
"Osun, Ekiti, Nigeria",2020-03-21,92.9,74.0,81.1,98.2,74.0,83.4,72.1,76.8,0.02,100,12.5,rain,0,0,23.5,9.6,214.1,1009.9,65.7,,232.6,19.9,9,,2020-03-21T06:43:01,2020-03-21T18:50:21,0.9,"Rain, Partially cloudy",Clearing in the afternoon with afternoon rain.,rain,remote
"Osun, Ekiti, Nigeria",2020-03-22,93.8,72.6,81.1,99.7,72.6,84.1,72.5,77.3,0.063,100,8.33,rain,0,0,21.7,13.9,212.0,1010.2,75.1,6.2,260.1,22.5,10,,2020-03-22T06:42:30,2020-03-22T18:50:16,0.93,"Rain, Partially cloudy",Partly cloudy throughout the day with afternoon rain.,rain,"65215099999,remote"
"Osun, Ekiti, Nigeria",2020-03-23,91.8,73.5,78.8,99.3,73.5,80.7,72.9,84.0,0.221,100,16.67,rain,0,0,23.9,10.7,220.5,1010.5,88.5,,191.4,16.4,9,,2020-03-23T06:41:59,2020-03-23T18:50:11,0.97,"Rain, Partially cloudy",Partly cloudy throughout the day with rain.,rain,remote
"Osun, Ekiti, Nigeria",2020-03-24,87.3,70.4,76.2,90.5,70.4,76.8,69.8,82.6,0.336,100,41.67,rain,0,0,23.7,10.1,241.6,1011.0,99.1,6.2,177.8,15.2,8,,2020-03-24T06:41:28,2020-03-24T18:50:07,0.0,"Rain, Overcast",Cloudy skies throughout the day with rain.,rain,"65215099999,remote"
"Osun, Ekiti, Nigeria",2020-03-25,89.1,72.2,79.6,92.9,72.2,81.1,69.3,73.3,0.166,100,25.0,rain,0,0,20.1,9.2,225.4,1011.3,97.8,6.2,214.5,18.5,8,,2020-03-25T06:40:56,2020-03-25T18:50:02,0.04,"Rain, Overcast",Cloudy skies throughout the day with a chance of rain throughout the day.,rain,"65215099999,remote"
"Osun, Ekiti, Nigeria",2020-03-26,91.3,72.1,78.9,94.4,72.1,80.1,69.9,75.8,0.181,100,16.67,rain,0,0,19.5,7.2,224.8,1010.3,87.2,,211.0,18.4,9,,2020-03-26T06:40:25,2020-03-26T18:49:57,0.07,"Rain, Partially cloudy",Partly cloudy throughout the day with rain.,rain,remote
"Osun, Ekiti, Nigeria",2020-03-27,94.6,72.6,81.3,101.0,72.6,84.3,71.9,76.4,0.024,100,8.33,rain,0,0,23.7,9.4,210.5,1010.5,69.0,9.3,269.0,23.1,10,,2020-03-27T06:39:53,2020-03-27T18:49:52,0.1,"Rain, Partially cloudy",Partly cloudy throughout the day with rain.,rain,"65215099999,remote"
"Osun, Ekiti, Nigeria",2020-03-28,93.1,71.9,81.7,97.4,71.9,84.1,71.8,75.2,0.008,100,4.17,rain,0,0,22.1,10.3,201.9,1010.5,57.2,5.6,256.1,22.3,10,,2020-03-28T06:39:22,2020-03-28T18:49:47,0.14,"Rain, Partially cloudy",Clearing in the afternoon with afternoon rain.,rain,"65215099999,remote"
"Osun, Ekiti, Nigeria",2020-03-29,96.0,74.9,82.4,101.0,74.9,84.9,72.7,76.2,0.008,100,4.17,rain,0,0,22.8,9.4,212.9,1009.9,54.3,,261.6,22.6,9,,2020-03-29T06:38:51,2020-03-29T18:49:43,0.17,"Rain, Partially cloudy",Becoming cloudy in the afternoon with afternoon rain.,rain,remote
"Osun, Ekiti, Nigeria",2020-03-30,93.8,75.3,83.2,98.5,75.3,86.3,72.3,72.6,0.004,100,4.17,rain,0,0,24.4,10.3,209.9,1008.8,76.2,6.2,257.1,22.3,10,,2020-03-30T06:38:20,2020-03-30T18:49:38,0.21,"Rain, Partially cloudy",Partly cloudy throughout the day with late afternoon rain.,rain,"65215099999,remote"
"Osun, Ekiti, Nigeria",2020-03-31,94.0,74.6,81.6,100.4,74.6,84.5,72.8,77.0,0.028,100,8.33,rain,0,0,24.4,11.0,212.2,1009.5,90.8,,250.6,21.4,9,,2020-03-31T06:37:48,2020-03-31T18:49:33,0.24,"Rain, Overcast",Cloudy skies throughout the day with rain.,rain,remote
"Osun, Ekiti, Nigeria",2020-04-01,91.8,72.4,79.0,95.7,72.4,80.3,70.9,79.2,0.051,100,8.33,rain,0,0,25.9,8.9,215.3,1010.3,88.6,,262.2,22.6,9,,2020-04-01T06:37:18,2020-04-01T18:49:29,0.25,"Rain, Partially cloudy",Partly cloudy throughout the day with rain.,rain,remote
"Osun, Ekiti, Nigeria",2020-04-02,91.5,71.3,80.5,97.8,71.3,83.2,70.4,73.5,0.008,100,4.17,rain,0,0,21.9,9.6,211.2,1010.0,96.3,8.4,246.5,21.4,9,,2020-04-02T06:36:47,2020-04-02T18:49:24,0.31,"Rain, Overcast",Cloudy skies throughout the day with afternoon rain.,rain,"65215099999,remote"
"Osun, Ekiti, Nigeria",2020-04-03,93.3,74.0,80.5,103.2,74.0,83.7,72.2,77.7,0.098,100,12.5,rain,0,0,23.5,10.3,213.9,1010.1,82.8,9.3,270.6,23.5,10,,2020-04-03T06:36:16,2020-04-03T18:49:20,0.34,"Rain, Partially cloudy",Partly cloudy throughout the day with rain.,rain,"65215099999,remote"
"Osun, Ekiti, Nigeria",2020-04-04,90.6,72.1,78.2,97.7,72.1,80.3,71.0,80.3,0.036,100,8.33,rain,0,0,26.2,11.0,213.4,1011.7,98.7,,245.0,21.2,9,,2020-04-04T06:35:46,2020-04-04T18:49:15,0.38,"Rain, Overcast",Cloudy skies throughout the day with afternoon rain.,rain,remote
"Osun, Ekiti, Nigeria",2020-04-05,96.2,72.2,82.7,102.0,72.2,85.6,70.6,70.8,0.0,0,0.0,,0,0,17.7,8.1,217.8,1010.8,83.8,,260.3,22.5,10,,2020-04-05T06:35:15,2020-04-05T18:49:11,0.41,Partially cloudy,Partly cloudy throughout the day.,partly-cloudy-day,remote
"Osun, Ekiti, Nigeria",2020-04-06,88.4,72.1,78.5,93.5,72.1,80.0,70.8,78.9,0.012,100,8.33,rain,0,0,26.2,13.9,206.0,1011.7,46.6,6.9,268.5,23.2,10,,2020-04-06T06:34:46,2020-04-06T18:49:07,0.44,"Rain, Partially cloudy",Partly cloudy throughout the day with afternoon rain.,rain,"65215099999,remote"
"Osun, Ekiti, Nigeria",2020-04-07,93.6,71.3,80.4,99.7,71.3,83.3,71.0,75.9,0.008,100,8.33,rain,0,0,21.5,13.9,211.9,1010.9,68.9,5.8,270.5,23.4,9,,2020-04-07T06:34:16,2020-04-07T18:49:04,0.48,"Rain, Partially cloudy",Partly cloudy throughout the day with afternoon rain.,rain,"65215099999,remote"
"Osun, Ekiti, Nigeria",2020-04-08,94.4,70.4,78.6,102.8,70.4,81.0,70.9,78.9,0.205,100,8.33,rain,0,0,21.7,8.7,213.3,1010.2,26.4,,268.8,23.3,10,,2020-04-08T06:33:46,2020-04-08T18:49:00,0.5,"Rain, Partially cloudy",Partly cloudy throughout the day with afternoon rain.,rain,remote
"Osun, Ekiti, Nigeria",2020-04-09,89.9,72.6,77.7,97.4,72.6,79.1,71.4,82.6,0.315,100,12.5,rain,0,0,24.8,10.5,209.8,1010.6,51.6,,249.0,21.5,9,,2020-04-09T06:33:17,2020-04-09T18:48:57,0.55,"Rain, Partially cloudy",Partly cloudy throughout the day with afternoon rain.,rain,remote
"Osun, Ekiti, Nigeria",2020-04-10,88.2,72.2,77.5,92.6,72.2,78.2,71.7,84.1,0.524,100,37.5,rain,0,0,15.4,5.1,256.3,1011.4,64.1,,234.5,20.2,9,,2020-04-10T06:32:48,2020-04-10T18:48:54,0.58,"Rain, Partially cloudy",Partly cloudy throughout the day with rain.,rain,remote
"Osun, Ekiti, Nigeria",2020-04-11,90.1,71.9,80.0,96.9,71.9,81.9,69.8,74.0,0.104,100,29.17,rain,0,0,16.1,7.2,160.9,1011.3,64.3,,245.5,21.0,10,,2020-04-11T06:32:20,2020-04-11T18:48:51,0.61,"Rain, Partially cloudy",Partly cloudy throughout the day with rain.,rain,remote
"Osun, Ekiti, Nigeria",2020-04-12,94.6,73.3,82.4,96.7,73.3,83.6,69.0,68.8,0.0,0,0.0,,0,0,19.7,7.6,200.6,1011.4,65.8,6.2,281.8,24.2,10,,2020-04-12T06:31:52,2020-04-12T18:48:48,0.65,Partially cloudy,Partly cloudy throughout the day.,partly-cloudy-day,"65215099999,remote"
"Osun, Ekiti, Nigeria",2020-04-13,92.6,75.8,81.3,100.2,75.8,83.9,73.6,79.7,0.102,100,12.5,rain,0,0,21.0,8.1,208.1,1011.2,64.9,9.3,215.7,18.7,9,,2020-04-13T06:31:24,2020-04-13T18:48:46,0.68,"Rain, Partially cloudy",Partly cloudy throughout the day with rain.,rain,"65215099999,remote"
"Osun, Ekiti, Nigeria",2020-04-14,93.6,74.0,82.2,98.6,74.0,84.6,71.9,74.4,0.004,100,4.17,rain,0,0,21.3,8.1,204.7,1010.4,73.7,6.2,263.9,22.8,9,,2020-04-14T06:30:56,2020-04-14T18:48:44,0.75,"Rain, Partially cloudy",Partly cloudy throughout the day with late afternoon rain.,rain,"65215099999,remote"
"Osun, Ekiti, Nigeria",2020-04-15,94.7,74.4,82.3,99.9,74.4,84.7,71.9,74.1,0.0,0,0.0,,0,0,23.3,9.6,214.9,1010.3,50.1,,272.4,23.5,9,,2020-04-15T06:30:29,2020-04-15T18:48:42,0.75,Partially cloudy,Partly cloudy throughout the day.,partly-cloudy-day,remote
"Osun, Ekiti, Nigeria",2020-04-16,98.1,74.2,83.4,101.2,74.2,86.0,71.3,71.0,0.0,0,0.0,,0,0,24.2,9.8,230.6,1009.3,72.1,,285.1,24.6,10,,2020-04-16T06:30:03,2020-04-16T18:48:40,0.78,Partially cloudy,Partly cloudy throughout the day.,partly-cloudy-day,remote
"Osun, Ekiti, Nigeria",2020-04-17,91.7,76.4,80.9,101.5,76.4,83.5,74.4,82.0,0.174,100,41.67,rain,0,0,27.5,11.9,214.3,1009.6,96.0,,222.9,19.1,9,,2020-04-17T06:29:37,2020-04-17T18:48:39,0.81,"Rain, Overcast",Cloudy skies throughout the day with rain.,rain,remote
"Osun, Ekiti, Nigeria",2020-04-18,88.2,75.3,80.0,95.6,75.3,82.4,72.9,80.1,0.091,100,41.67,rain,0,0,26.6,11.4,217.3,1010.9,77.6,6.2,233.2,20.1,9,,2020-04-18T06:29:11,2020-04-18T18:48:38,0.85,"Rain, Partially cloudy",Partly cloudy throughout the day with rain in the morning and afternoon.,rain,"65215099999,remote"
"Osun, Ekiti, Nigeria",2020-04-19,90.8,72.4,79.2,98.5,72.4,81.4,72.0,80.5,0.098,100,8.33,rain,0,0,27.3,11.9,222.5,1012.7,96.7,,256.1,22.0,10,,2020-04-19T06:28:46,2020-04-19T18:48:38,0.88,"Rain, Overcast",Cloudy skies throughout the day with afternoon rain.,rain,remote
"Osun, Ekiti, Nigeria",2020-04-20,90.4,71.5,78.4,95.8,71.5,80.2,70.3,78.4,0.051,100,4.17,rain,0,0,24.2,9.8,221.3,1012.6,96.9,,257.1,22.2,9,,2020-04-20T06:28:21,2020-04-20T18:48:38,0.91,"Rain, Overcast",Cloudy skies throughout the day with afternoon rain.,rain,remote
"Osun, Ekiti, Nigeria",2020-04-21,94.4,72.6,81.0,104.0,72.6,84.0,72.2,77.2,0.02,100,4.17,rain,0,0,22.1,11.4,227.3,1011.3,61.1,7.5,282.8,24.5,10,,2020-04-21T06:27:57,2020-04-21T18:48:38,0.95,"Rain, Partially cloudy",Partly cloudy throughout the day with afternoon rain.,rain,"65215099999,remote"
"Osun, Ekiti, Nigeria",2020-04-22,87.9,71.5,77.7,95.5,71.5,79.0,72.0,84.0,0.272,100,8.33,rain,0,0,25.5,10.7,207.6,1010.8,89.7,6.2,218.6,18.9,8,,2020-04-22T06:27:33,2020-04-22T18:48:38,0.98,"Rain, Partially cloudy",Partly cloudy throughout the day with afternoon rain.,rain,"65215099999,remote"
"Osun, Ekiti, Nigeria",2020-04-23,88.4,71.0,77.8,97.5,71.0,79.9,71.9,83.3,0.051,100,16.67,rain,0,0,23.3,9.2,213.5,1010.8,85.6,6.3,178.3,15.3,6,,2020-04-23T06:27:10,2020-04-23T18:48:39,0.0,"Rain, Partially cloudy",Partly cloudy throughout the day with rain.,rain,"65215099999,remote"
"Osun, Ekiti, Nigeria",2020-04-24,91.8,71.9,79.3,98.9,71.9,81.1,72.1,81.5,0.087,100,12.5,rain,0,0,21.5,9.6,208.1,1010.6,57.4,,264.3,22.7,10,,2020-04-24T06:26:47,2020-04-24T18:48:41,0.05,"Rain, Partially cloudy",Clearing in the afternoon with rain.,rain,remote
"Osun, Ekiti, Nigeria",2020-04-25,90.8,73.5,78.8,101.9,73.5,81.1,72.4,82.4,0.138,100,8.33,rain,0,0,25.1,9.8,232.0,1010.3,85.2,,226.6,19.5,8,,2020-04-25T06:26:25,2020-04-25T18:48:42,0.08,"Rain, Partially cloudy",Partly cloudy throughout the day with afternoon rain.,rain,remote
"Osun, Ekiti, Nigeria",2020-04-26,85.2,70.2,75.8,90.3,70.2,76.7,70.9,85.7,0.099,100,16.67,rain,0,0,24.6,10.3,203.3,1011.8,89.9,6.2,211.7,18.2,9,,2020-04-26T06:26:04,2020-04-26T18:48:44,0.12,"Rain, Partially cloudy",Partly cloudy throughout the day with rain in the morning and afternoon.,rain,"65215099999,remote"
"Osun, Ekiti, Nigeria",2020-04-27,92.0,70.6,79.3,99.8,70.6,82.1,71.5,79.5,0.095,100,12.5,rain,0,0,20.1,7.4,204.9,1012.9,57.9,7.8,261.1,22.7,10,,2020-04-27T06:25:43,2020-04-27T18:48:47,0.15,"Rain, Partially cloudy",Partly cloudy throughout the day with afternoon rain.,rain,"65215099999,remote"
"Osun, Ekiti, Nigeria",2020-04-28,90.1,71.1,80.2,97.9,71.1,83.5,72.3,78.7,0.012,100,8.33,rain,0,0,20.8,9.2,207.5,1012.7,57.2,6.2,260.7,22.4,9,,2020-04-28T06:25:23,2020-04-28T18:48:50,0.19,"Rain, Partially cloudy",Partly cloudy throughout the day with rain.,rain,"65215099999,remote"
"Osun, Ekiti, Nigeria",2020-04-29,87.5,72.1,77.9,94.7,72.1,79.9,71.2,81.4,0.024,100,12.5,rain,0,0,23.9,10.1,206.5,1013.1,63.1,,228.4,19.7,8,,2020-04-29T06:25:03,2020-04-29T18:48:53,0.22,"Rain, Partially cloudy",Partly cloudy throughout the day with rain.,rain,remote
"Osun, Ekiti, Nigeria",2020-04-30,86.6,70.1,76.1,92.4,70.1,77.2,71.1,85.9,0.032,100,8.33,rain,0,0,23.0,9.8,214.1,1013.4,74.8,,238.2,20.4,8,,2020-04-30T06:24:44,2020-04-30T18:48:56,0.25,"Rain, Partially cloudy",Partly cloudy throughout the day with afternoon rain.,rain,remote
"Osun, Ekiti, Nigeria",2020-05-01,90.2,70.8,79.2,97.5,70.8,81.6,71.1,78.5,0.008,100,4.17,rain,0,0,23.7,9.4,211.0,1013.8,53.7,9.3,272.4,23.5,9,,2020-05-01T06:24:26,2020-05-01T18:49:01,0.29,"Rain, Partially cloudy",Partly cloudy throughout the day with afternoon rain.,rain,"65215099999,remote"
"Osun, Ekiti, Nigeria",2020-05-02,90.1,72.2,80.1,97.6,72.2,83.3,73.2,81.5,0.028,100,8.33,rain,0,0,22.8,12.8,207.8,1012.3,61.3,7.5,269.7,23.2,9,,2020-05-02T06:24:08,2020-05-02T18:49:05,0.33,"Rain, Partially cloudy",Partly cloudy throughout the day with afternoon rain.,rain,"65215099999,remote"
"Osun, Ekiti, Nigeria",2020-05-03,84.5,70.1,76.6,91.5,70.1,78.2,71.6,85.6,0.146,100,25.0,rain,0,0,22.8,8.1,215.6,1011.5,90.0,6.2,172.1,14.7,7,,2020-05-03T06:23:51,2020-05-03T18:49:10,0.36,"Rain, Partially cloudy",Partly cloudy throughout the day with rain in the morning and afternoon.,rain,"65215099999,remote"
"Osun, Ekiti, Nigeria",2020-05-04,88.4,70.8,77.3,94.3,70.8,79.1,71.7,84.4,0.15,100,8.33,rain,0,0,19.5,7.2,199.9,1011.9,61.8,,241.6,20.8,9,,2020-05-04T06:23:35,2020-05-04T18:49:15,0.4,"Rain, Partially cloudy",Partly cloudy throughout the day with afternoon rain.,rain,remote
"Osun, Ekiti, Nigeria",2020-05-05,90.8,71.7,80.0,97.1,71.7,82.4,72.1,79.3,0.0,0,0.0,,0,0,17.4,6.7,203.9,1011.7,42.4,,264.5,22.8,10,,2020-05-05T06:23:19,2020-05-05T18:49:21,0.43,Partially cloudy,Partly cloudy throughout the day.,partly-cloudy-day,remote
"Osun, Ekiti, Nigeria",2020-05-06,89.9,72.4,79.4,99.1,72.4,82.7,73.3,83.1,0.122,100,16.67,rain,0,0,20.6,8.5,206.6,1010.6,24.1,,254.3,22.0,9,,2020-05-06T06:23:04,2020-05-06T18:49:27,0.47,"Rain, Partially cloudy",Partly cloudy throughout the day with rain.,rain,remote
"Osun, Ekiti, Nigeria",2020-05-07,90.2,73.1,80.0,101.4,73.1,82.9,72.8,80.6,0.079,100,12.5,rain,0,0,23.5,10.5,207.1,1010.9,59.9,9.3,250.3,21.7,9,,2020-05-07T06:22:50,2020-05-07T18:49:34,0.5,"Rain, Partially cloudy",Partly cloudy throughout the day with rain.,rain,"65215099999,remote"
"Osun, Ekiti, Nigeria",2020-05-08,89.0,71.7,78.5,97.1,71.7,80.5,73.0,85.2,0.173,100,16.67,rain,0,0,21.3,9.2,210.9,1011.0,58.7,,229.8,19.8,9,,2020-05-08T06:22:36,2020-05-08T18:49:41,0.53,"Rain, Partially cloudy",Partly cloudy throughout the day with rain.,rain,remote
"Osun, Ekiti, Nigeria",2020-05-09,92.6,72.9,78.6,100.0,72.9,81.2,73.2,85.5,0.228,100,16.67,rain,0,0,22.8,9.8,212.1,1011.6,78.6,9.3,236.5,20.5,9,,2020-05-09T06:22:24,2020-05-09T18:49:48,0.57,"Rain, Partially cloudy",Partly cloudy throughout the day with rain.,rain,"65215099999,remote"
"Osun, Ekiti, Nigeria",2020-05-10,84.5,72.4,77.7,90.4,72.4,79.2,71.9,83.1,0.04,100,12.5,rain,0,0,21.9,9.4,211.4,1012.2,95.6,,166.6,14.4,6,,2020-05-10T06:22:11,2020-05-10T18:49:56,0.6,"Rain, Overcast",Cloudy skies throughout the day with afternoon rain.,rain,remote
"Osun, Ekiti, Nigeria",2020-05-11,87.9,71.5,78.1,97.0,71.5,80.3,72.0,83.2,0.052,100,8.33,rain,0,0,21.0,9.2,213.5,1013.5,88.9,,206.2,17.8,7,,2020-05-11T06:22:00,2020-05-11T18:50:05,0.63,"Rain, Partially cloudy",Partly cloudy throughout the day with rain.,rain,remote
"Osun, Ekiti, Nigeria",2020-05-12,90.8,70.4,78.9,101.1,70.4,81.6,71.5,80.3,0.008,100,4.17,rain,0,0,17.9,10.3,217.7,1013.5,44.7,7.5,246.0,21.2,9,,2020-05-12T06:21:49,2020-05-12T18:50:13,0.66,"Rain, Partially cloudy",Partly cloudy throughout the day with late afternoon rain.,rain,"65215099999,remote"
"Osun, Ekiti, Nigeria",2020-05-13,88.4,71.3,77.9,95.1,71.3,79.7,71.4,82.4,0.0,0,0.0,,0,0,19.2,18.3,203.3,1013.6,88.4,5.0,212.9,18.5,9,,2020-05-13T06:21:40,2020-05-13T18:50:22,0.7,Partially cloudy,Partly cloudy throughout the day.,partly-cloudy-day,"65215099999,remote"
"Osun, Ekiti, Nigeria",2020-05-14,92.2,72.2,80.3,99.4,72.2,82.8,71.6,77.6,0.012,100,4.17,rain,0,0,19.2,9.2,204.4,1012.4,47.4,7.5,287.9,25.1,9,,2020-05-14T06:21:30,2020-05-14T18:50:32,0.75,"Rain, Partially cloudy",Partly cloudy throughout the day with afternoon rain.,rain,"65215099999,remote"
"Osun, Ekiti, Nigeria",2020-05-15,86.1,71.1,77.3,95.4,71.1,78.9,72.3,85.7,0.154,100,8.33,rain,0,0,21.0,8.9,209.4,1012.3,83.8,7.5,226.1,19.7,8,,2020-05-15T06:21:22,2020-05-15T18:50:42,0.76,"Rain, Partially cloudy",Partly cloudy throughout the day with afternoon rain.,rain,"65215099999,remote"
"Osun, Ekiti, Nigeria",2020-05-16,91.3,72.8,80.9,99.2,72.8,84.3,73.3,79.9,0.071,100,12.5,rain,0,0,20.1,9.2,216.7,1012.0,56.2,8.4,276.7,23.9,9,,2020-05-16T06:21:14,2020-05-16T18:50:52,0.79,"Rain, Partially cloudy",Partly cloudy throughout the day with rain.,rain,"65215099999,remote"
"Osun, Ekiti, Nigeria",2020-05-17,91.3,74.0,81.1,98.3,74.0,83.8,73.0,78.7,0.012,100,12.5,rain,0,0,16.6,7.8,212.4,1012.5,67.1,6.2,234.6,20.1,8,,2020-05-17T06:21:07,2020-05-17T18:51:03,0.83,"Rain, Partially cloudy",Partly cloudy throughout the day with rain in the morning and afternoon.,rain,"65215099999,remote"
"Osun, Ekiti, Nigeria",2020-05-18,89.9,73.5,79.1,99.3,73.5,81.7,73.5,84.6,0.193,100,16.67,rain,0,0,22.4,8.9,219.4,1013.0,64.7,,240.3,20.8,9,,2020-05-18T06:21:01,2020-05-18T18:51:14,0.86,"Rain, Partially cloudy",Partly cloudy throughout the day with rain.,rain,remote
"Osun, Ekiti, Nigeria",2020-05-19,86.6,70.6,76.0,91.4,70.6,76.8,71.8,88.0,0.453,100,29.17,rain,0,0,23.7,19.7,226.6,1013.8,98.0,6.2,217.5,18.9,9,,2020-05-19T06:20:56,2020-05-19T18:51:25,0.89,"Rain, Overcast",Cloudy skies throughout the day with rain.,rain,"65215099999,remote"
"Osun, Ekiti, Nigeria",2020-05-20,89.3,71.0,78.5,96.0,71.0,81.0,71.8,81.9,0.047,100,8.33,rain,0,0,21.9,20.8,223.1,1013.3,85.4,7.5,268.8,23.2,9,,2020-05-20T06:20:51,2020-05-20T18:51:37,0.93,"Rain, Partially cloudy",Partly cloudy throughout the day with rain.,rain,"65215099999,remote"
"Osun, Ekiti, Nigeria",2020-05-21,90.4,74.0,79.3,99.2,74.0,81.8,72.9,82.6,0.047,100,12.5,rain,0,0,22.4,9.6,215.1,1013.6,81.2,,249.7,21.7,9,,2020-05-21T06:20:47,2020-05-21T18:51:49,0.96,"Rain, Partially cloudy",Partly cloudy throughout the day with afternoon rain.,rain,remote
"Osun, Ekiti, Nigeria",2020-05-22,86.8,73.7,77.6,94.6,73.7,79.4,72.4,84.9,0.336,100,20.83,rain,0,0,21.9,10.5,211.8,1014.2,99.4,,176.0,15.2,7,,2020-05-22T06:20:44,2020-05-22T18:52:01,0.0,"Rain, Overcast",Cloudy skies throughout the day with rain.,rain,remote
"Osun, Ekiti, Nigeria",2020-05-23,88.8,71.9,77.4,96.7,71.9,79.2,72.2,85.2,0.414,100,41.67,rain,0,0,20.1,8.3,214.3,1013.8,95.6,6.2,188.7,16.3,7,,2020-05-23T06:20:41,2020-05-23T18:52:14,0.03,"Rain, Overcast",Cloudy skies throughout the day with rain.,rain,"65215099999,remote"
"Osun, Ekiti, Nigeria",2020-05-24,83.9,72.1,75.6,89.6,72.1,76.6,72.6,91.5,0.45,100,45.83,rain,0,0,20.1,9.2,210.5,1013.6,96.2,,191.7,16.6,8,,2020-05-24T06:20:39,2020-05-24T18:52:27,0.06,"Rain, Overcast",Cloudy skies throughout the day with rain.,rain,remote
"Osun, Ekiti, Nigeria",2020-05-25,82.5,71.0,75.4,89.1,71.0,76.4,71.9,89.5,0.489,100,70.83,rain,0,0,20.6,8.5,217.3,1013.8,97.8,9.3,170.4,14.7,6,,2020-05-25T06:20:38,2020-05-25T18:52:40,0.1,"Rain, Overcast",Cloudy skies throughout the day with a chance of rain throughout the day.,rain,"65215099999,remote"
"Osun, Ekiti, Nigeria",2020-05-26,88.6,71.3,76.8,96.0,71.3,78.6,72.2,86.9,0.619,100,33.33,rain,0,0,15.9,6.5,205.0,1013.5,97.4,0.6,180.8,15.5,6,,2020-05-26T06:20:38,2020-05-26T18:52:53,0.13,"Rain, Overcast",Cloudy skies throughout the day with rain.,rain,"65215099999,remote"
"Osun, Ekiti, Nigeria",2020-05-27,85.9,70.4,76.7,94.6,70.4,78.5,72.4,87.3,0.638,100,54.17,rain,0,0,15.9,9.2,217.9,1013.2,92.2,6.2,185.4,15.9,7,,2020-05-27T06:20:38,2020-05-27T18:53:07,0.17,"Rain, Overcast",Cloudy skies throughout the day with rain.,rain,"65215099999,remote"
"Osun, Ekiti, Nigeria",2020-05-28,85.6,71.3,76.4,91.6,71.3,77.5,71.5,85.6,0.143,100,41.67,rain,0,0,23.9,12.8,227.6,1012.7,96.6,6.6,186.9,16.0,7,,2020-05-28T06:20:39,2020-05-28T18:53:21,0.2,"Rain, Overcast",Cloudy skies throughout the day with a chance of rain throughout the day.,rain,"65215099999,remote"
"Osun, Ekiti, Nigeria",2020-05-29,88.6,70.2,77.0,97.6,70.2,79.3,72.1,86.2,0.181,100,8.33,rain,0,0,15.7,6.7,205.5,1012.0,93.6,,212.9,18.4,8,,2020-05-29T06:20:41,2020-05-29T18:53:35,0.24,"Rain, Overcast",Cloudy skies throughout the day with rain.,rain,remote
"Osun, Ekiti, Nigeria",2020-05-30,85.2,72.2,77.5,93.9,72.2,79.4,73.2,87.3,0.257,100,37.5,rain,0,0,17.9,7.2,208.7,1012.2,100.0,,126.0,10.9,5,,2020-05-30T06:20:43,2020-05-30T18:53:49,0.25,"Rain, Overcast",Cloudy skies throughout the day with rain.,rain,remote
"Osun, Ekiti, Nigeria",2020-05-31,83.7,69.2,76.8,89.4,69.2,78.3,72.0,86.0,0.04,100,8.33,rain,0,0,19.7,8.7,215.6,1013.4,76.5,,204.9,17.8,8,,2020-05-31T06:20:46,2020-05-31T18:54:04,0.31,"Rain, Partially cloudy",Partly cloudy throughout the day with afternoon rain.,rain,remote
"Osun, Ekiti, Nigeria",2020-06-01,84.1,69.0,75.4,89.7,69.0,76.2,72.0,90.0,0.442,100,33.33,rain,0,0,23.3,9.6,221.3,1014.2,69.7,,205.1,17.7,8,,2020-06-01T06:20:50,2020-06-01T18:54:19,0.35,"Rain, Partially cloudy",Partly cloudy throughout the day with rain in the morning and afternoon.,rain,remote
"Osun, Ekiti, Nigeria",2020-06-02,82.7,67.6,74.1,90.2,67.6,74.9,69.7,87.2,0.252,100,12.5,rain,0,0,22.8,10.3,215.9,1014.3,96.3,6.2,168.3,14.5,8,,2020-06-02T06:20:54,2020-06-02T18:54:33,0.38,"Rain, Overcast",Cloudy skies throughout the day with morning rain.,rain,"65215099999,remote"
"Osun, Ekiti, Nigeria",2020-06-03,85.9,72.1,78.7,92.5,72.1,81.5,72.8,83.6,0.016,100,4.17,rain,0,0,17.4,7.6,211.9,1013.3,71.2,,236.8,20.2,8,,2020-06-03T06:20:59,2020-06-03T18:54:48,0.42,"Rain, Partially cloudy",Partly cloudy throughout the day with afternoon rain.,rain,remote
"Osun, Ekiti, Nigeria",2020-06-04,88.4,73.1,78.9,95.9,73.1,81.2,72.2,81.1,0.185,100,8.33,rain,0,0,21.7,10.3,218.2,1013.0,66.4,7.5,234.5,20.4,9,,2020-06-04T06:21:05,2020-06-04T18:55:03,0.45,"Rain, Partially cloudy",Partly cloudy throughout the day with afternoon rain.,rain,"65215099999,remote"
"Osun, Ekiti, Nigeria",2020-06-05,84.1,71.9,76.9,89.7,71.9,77.7,72.0,85.5,0.091,100,16.67,rain,0,0,22.1,8.7,210.0,1013.9,79.1,,218.5,18.8,8,,2020-06-05T06:21:11,2020-06-05T18:55:18,0.5,"Rain, Partially cloudy",Partly cloudy throughout the day with rain.,rain,remote
"Osun, Ekiti, Nigeria",2020-06-06,88.6,69.0,77.1,95.9,69.0,79.5,72.0,86.1,0.512,100,29.17,rain,0,0,18.6,13.9,195.2,1014.8,95.5,7.0,214.7,18.6,8,,2020-06-06T06:21:18,2020-06-06T18:55:33,0.52,"Rain, Overcast",Cloudy skies throughout the day with rain.,rain,"65215099999,remote"
"Osun, Ekiti, Nigeria",2020-06-07,86.3,69.2,75.9,93.5,69.2,77.4,71.0,86.2,0.099,100,29.17,rain,0,0,16.8,8.1,227.3,1014.5,86.5,7.7,228.4,19.8,9,,2020-06-07T06:21:25,2020-06-07T18:55:48,0.55,"Rain, Partially cloudy",Partly cloudy throughout the day with rain.,rain,"65215099999,remote"
"Osun, Ekiti, Nigeria",2020-06-08,89.5,70.4,77.8,97.8,70.4,79.9,71.7,83.4,0.123,100,25.0,rain,0,0,17.7,8.3,217.3,1012.3,40.9,,263.3,22.5,9,,2020-06-08T06:21:33,2020-06-08T18:56:04,0.59,"Rain, Partially cloudy",Partly cloudy throughout the day with rain.,rain,remote
"Osun, Ekiti, Nigeria",2020-06-09,80.3,66.6,73.3,83.5,66.6,73.5,68.7,86.3,0.115,100,50.0,rain,0,0,19.7,10.5,225.6,1013.2,93.0,,126.7,10.9,5,,2020-06-09T06:21:41,2020-06-09T18:56:19,0.62,"Rain, Overcast",Cloudy skies throughout the day with a chance of rain throughout the day.,rain,remote
"Osun, Ekiti, Nigeria",2020-06-10,86.3,69.7,76.6,91.5,69.7,78.0,71.3,85.4,0.403,100,37.5,rain,0,0,19.0,9.2,208.1,1014.2,86.7,7.8,187.2,16.0,8,,2020-06-10T06:21:50,2020-06-10T18:56:34,0.65,"Rain, Partially cloudy",Partly cloudy throughout the day with rain.,rain,"65215099999,remote"
"Osun, Ekiti, Nigeria",2020-06-11,85.2,71.3,75.8,88.5,71.3,76.4,71.3,87.5,0.314,100,16.67,rain,0,0,18.8,7.8,234.8,1014.3,87.8,,210.7,18.1,7,,2020-06-11T06:21:59,2020-06-11T18:56:49,0.68,"Rain, Partially cloudy",Partly cloudy throughout the day with rain.,rain,remote
"Osun, Ekiti, Nigeria",2020-06-12,81.1,72.4,75.6,86.2,72.4,76.0,71.7,88.0,0.371,100,54.17,rain,0,0,17.7,10.3,219.6,1013.6,98.9,6.2,126.3,11.0,5,,2020-06-12T06:22:09,2020-06-12T18:57:03,0.72,"Rain, Overcast",Cloudy skies throughout the day with a chance of rain throughout the day.,rain,"65215099999,remote"
"Osun, Ekiti, Nigeria",2020-06-13,87.5,72.2,77.9,95.1,72.2,79.8,71.5,82.0,0.032,100,25.0,rain,0,0,17.4,6.7,201.9,1013.5,83.0,7.5,165.6,14.2,6,,2020-06-13T06:22:19,2020-06-13T18:57:18,0.75,"Rain, Partially cloudy",Partly cloudy throughout the day with rain.,rain,"65215099999,remote"
"Osun, Ekiti, Nigeria",2020-06-14,85.0,71.3,76.9,90.9,71.3,78.5,71.6,85.5,0.008,100,8.33,rain,0,0,18.6,13.9,207.9,1014.2,72.9,6.2,198.4,17.2,7,,2020-06-14T06:22:30,2020-06-14T18:57:33,0.78,"Rain, Partially cloudy",Partly cloudy throughout the day with afternoon rain.,rain,"65215099999,remote"
"Osun, Ekiti, Nigeria",2020-06-15,89.7,72.6,78.9,99.0,72.6,81.6,72.9,83.5,0.012,100,12.5,rain,0,0,20.8,9.2,221.5,1014.7,74.5,7.2,195.7,16.9,7,,2020-06-15T06:22:41,2020-06-15T18:57:47,0.81,"Rain, Partially cloudy",Partly cloudy throughout the day with rain in the morning and afternoon.,rain,"65215099999,remote"
"Osun, Ekiti, Nigeria",2020-06-16,83.6,72.1,76.9,89.6,72.1,77.8,72.9,88.2,0.284,100,25.0,rain,0,0,22.1,9.6,220.1,1012.8,78.6,,165.7,14.2,6,,2020-06-16T06:22:52,2020-06-16T18:58:02,0.84,"Rain, Partially cloudy",Partly cloudy throughout the day with rain in the morning and afternoon.,rain,remote
"Osun, Ekiti, Nigeria",2020-06-17,85.4,71.3,75.9,92.4,71.3,76.8,72.9,90.9,0.454,100,45.83,rain,0,0,26.4,11.9,211.3,1012.9,91.0,6.2,162.1,14.1,7,,2020-06-17T06:23:04,2020-06-17T18:58:16,0.88,"Rain, Overcast",Cloudy skies throughout the day with rain.,rain,"65215099999,remote"
"Osun, Ekiti, Nigeria",2020-06-18,76.6,70.6,73.0,76.6,70.6,73.0,69.4,88.5,0.316,100,37.5,rain,0,0,21.3,10.3,212.1,1014.6,95.7,6.2,116.5,9.8,5,,2020-06-18T06:23:16,2020-06-18T18:58:29,0.91,"Rain, Overcast",Cloudy skies throughout the day with rain.,rain,"65215099999,remote"
"Osun, Ekiti, Nigeria",2020-06-19,85.4,69.9,76.2,91.0,69.9,77.6,70.6,84.0,0.516,100,50.0,rain,0,0,17.7,9.2,232.1,1015.5,75.5,6.2,191.5,16.5,7,,2020-06-19T06:23:29,2020-06-19T18:58:43,0.94,"Rain, Partially cloudy",Partly cloudy throughout the day with rain.,rain,"65215099999,remote"
"Osun, Ekiti, Nigeria",2020-06-20,85.2,69.7,76.0,89.7,69.7,77.1,71.9,88.2,0.142,100,37.5,rain,0,0,19.5,8.7,228.0,1015.1,75.2,,196.1,17.0,8,,2020-06-20T06:23:41,2020-06-20T18:58:56,0.97,"Rain, Partially cloudy",Partly cloudy throughout the day with rain.,rain,remote
"Osun, Ekiti, Nigeria",2020-06-21,84.3,69.9,76.6,89.9,69.9,78.4,70.9,83.9,0.016,100,16.67,rain,0,0,19.0,8.7,209.4,1014.2,87.0,,142.8,12.2,5,,2020-06-21T06:23:54,2020-06-21T18:59:09,0.0,"Rain, Partially cloudy",Partly cloudy throughout the day with afternoon rain.,rain,remote
"Osun, Ekiti, Nigeria",2020-06-22,81.1,70.4,74.8,85.0,70.4,74.9,70.4,86.8,0.048,100,25.0,rain,0,0,20.6,11.4,224.2,1013.1,96.1,6.2,178.2,15.3,6,,2020-06-22T06:24:08,2020-06-22T18:59:22,0.04,"Rain, Overcast",Cloudy skies throughout the day with rain in the morning and afternoon.,rain,"65215099999,remote"
"Osun, Ekiti, Nigeria",2020-06-23,85.7,69.9,75.1,90.0,69.9,75.9,70.4,86.4,0.54,100,29.17,rain,0,0,18.1,6.9,223.3,1012.4,70.1,,206.5,17.8,8,,2020-06-23T06:24:21,2020-06-23T18:59:34,0.08,"Rain, Partially cloudy",Partly cloudy throughout the day with rain.,rain,remote
"Osun, Ekiti, Nigeria",2020-06-24,88.1,71.1,77.4,96.1,71.1,79.1,72.4,86.2,0.149,100,12.5,rain,0,0,17.4,10.3,209.5,1012.7,75.9,6.9,199.3,17.2,7,,2020-06-24T06:24:35,2020-06-24T18:59:46,0.11,"Rain, Partially cloudy",Partly cloudy throughout the day with rain.,rain,"65215099999,remote"
"Osun, Ekiti, Nigeria",2020-06-25,86.6,70.2,76.1,93.9,70.2,77.6,71.0,85.6,0.063,100,16.67,rain,0,0,21.9,9.6,215.0,1012.4,96.9,,205.6,17.8,7,,2020-06-25T06:24:49,2020-06-25T18:59:57,0.15,"Rain, Overcast",Cloudy skies throughout the day with rain.,rain,remote
"Osun, Ekiti, Nigeria",2020-06-26,83.7,69.0,75.6,89.1,69.0,76.6,71.0,86.4,0.099,100,25.0,rain,0,0,27.1,12.5,217.3,1012.2,73.4,6.2,205.2,17.7,8,,2020-06-26T06:25:03,2020-06-26T19:00:08,0.19,"Rain, Partially cloudy",Partly cloudy throughout the day with rain in the morning and afternoon.,rain,"65215099999,remote"
"Osun, Ekiti, Nigeria",2020-06-27,85.4,68.6,74.8,92.2,68.6,75.5,71.1,89.2,0.209,100,37.5,rain,0,0,23.3,10.3,216.4,1012.0,87.7,6.2,182.9,15.8,8,,2020-06-27T06:25:17,2020-06-27T19:00:19,0.22,"Rain, Partially cloudy",Partly cloudy throughout the day with rain.,rain,"65215099999,remote"
"Osun, Ekiti, Nigeria",2020-06-28,77.8,69.5,73.7,77.8,69.5,73.7,71.1,91.9,0.315,100,45.83,rain,0,0,21.9,8.9,225.2,1012.5,99.7,,113.0,9.8,4,,2020-06-28T06:25:31,2020-06-28T19:00:29,0.25,"Rain, Overcast",Cloudy skies throughout the day with a chance of rain throughout the day.,rain,remote
"Osun, Ekiti, Nigeria",2020-06-29,81.1,69.7,73.7,85.7,69.7,73.9,70.3,89.5,0.461,100,37.5,rain,0,0,22.1,8.3,217.3,1013.3,97.3,6.2,143.0,12.3,5,,2020-06-29T06:25:45,2020-06-29T19:00:39,0.29,"Rain, Overcast",Cloudy skies throughout the day with rain in the morning and afternoon.,rain,"65215099999,remote"
"Osun, Ekiti, Nigeria",2020-06-30,78.0,71.0,73.4,78.0,71.0,73.4,71.3,93.5,0.517,100,79.17,rain,0,0,18.1,8.3,226.3,1013.4,96.2,6.2,131.9,11.4,6,,2020-06-30T06:25:59,2020-06-30T19:00:48,0.33,"Rain, Overcast",Cloudy skies throughout the day with a chance of rain throughout the day.,rain,"65215099999,remote"
"Osun, Ekiti, Nigeria",2020-07-01,83.9,70.6,75.9,89.0,70.6,77.1,71.3,86.6,0.059,100,12.5,rain,0,0,18.3,8.7,231.1,1012.8,85.9,6.2,209.7,18.1,7,,2020-07-01T06:26:14,2020-07-01T19:00:57,0.37,"Rain, Partially cloudy",Partly cloudy throughout the day with rain.,rain,"65215099999,remote"
"Osun, Ekiti, Nigeria",2020-07-02,87.7,70.1,77.3,95.3,70.1,79.6,71.7,84.2,0.15,100,20.83,rain,0,0,17.9,10.3,208.1,1012.2,72.2,6.9,221.4,19.0,9,,2020-07-02T06:26:28,2020-07-02T19:01:05,0.4,"Rain, Partially cloudy",Partly cloudy throughout the day with rain.,rain,"65215099999,remote"
"Osun, Ekiti, Nigeria",2020-07-03,86.6,72.8,76.7,95.8,72.8,77.9,72.1,85.7,0.134,100,41.67,rain,0,0,25.1,10.3,217.7,1011.7,85.6,7.5,171.8,15.0,6,,2020-07-03T06:26:42,2020-07-03T19:01:12,0.44,"Rain, Partially cloudy",Partly cloudy throughout the day with a chance of rain throughout the day.,rain,"65215099999,remote"
"Osun, Ekiti, Nigeria",2020-07-04,81.4,70.1,73.8,84.8,70.1,74.2,70.7,91.0,0.28,100,75.0,rain,0,0,19.7,8.5,224.0,1013.1,99.2,6.2,115.7,10.0,7,,2020-07-04T06:26:57,2020-07-04T19:01:19,0.47,"Rain, Overcast",Cloudy skies throughout the day with a chance of rain throughout the day.,rain,"65215099999,remote"
"Osun, Ekiti, Nigeria",2020-07-05,82.5,69.3,74.0,85.4,69.3,74.2,69.7,87.4,0.264,100,45.83,rain,0,0,17.0,7.8,237.6,1013.8,85.6,,170.8,14.9,7,,2020-07-05T06:27:11,2020-07-05T19:01:25,0.5,"Rain, Partially cloudy",Partly cloudy throughout the day with a chance of rain throughout the day.,rain,remote
"Osun, Ekiti, Nigeria",2020-07-06,84.8,71.0,76.3,89.9,71.0,77.8,71.3,85.7,0.221,100,29.17,rain,0,0,14.3,10.3,247.1,1012.7,90.1,6.2,197.3,17.1,7,,2020-07-06T06:27:25,2020-07-06T19:01:31,0.54,"Rain, Overcast",Cloudy skies throughout the day with rain.,rain,"65215099999,remote"
"Osun, Ekiti, Nigeria",2020-07-07,83.0,70.6,74.9,89.7,70.6,75.2,71.8,90.4,0.325,100,83.33,rain,0,0,18.8,8.1,210.2,1012.3,97.8,7.2,67.0,5.8,3,,2020-07-07T06:27:39,2020-07-07T19:01:36,0.57,"Rain, Overcast",Cloudy skies throughout the day with a chance of rain throughout the day.,rain,"65215099999,remote"
"Osun, Ekiti, Nigeria",2020-07-08,82.1,71.1,74.3,87.5,71.1,74.7,71.2,90.7,0.304,100,41.67,rain,0,0,18.8,8.5,217.2,1012.0,89.8,6.2,173.9,15.2,7,,2020-07-08T06:27:53,2020-07-08T19:01:41,0.6,"Rain, Partially cloudy",Partly cloudy throughout the day with rain.,rain,"65215099999,remote"
"Osun, Ekiti, Nigeria",2020-07-09,79.8,71.0,74.2,79.8,71.0,74.2,70.7,89.1,0.595,100,45.83,rain,0,0,19.0,8.9,229.3,1013.2,95.6,6.2,148.3,12.8,6,,2020-07-09T06:28:07,2020-07-09T19:01:44,0.64,"Rain, Overcast",Cloudy skies throughout the day with a chance of rain throughout the day.,rain,"65215099999,remote"
"Osun, Ekiti, Nigeria",2020-07-10,79.1,69.2,72.8,79.1,69.2,72.8,69.1,88.7,0.064,100,37.5,rain,0,0,21.3,9.2,241.6,1013.5,98.9,5.0,147.4,12.8,6,,2020-07-10T06:28:20,2020-07-10T19:01:47,0.67,"Rain, Overcast",Cloudy skies throughout the day with rain.,rain,"65215099999,remote"
"Osun, Ekiti, Nigeria",2020-07-11,77.4,69.9,72.3,77.4,69.9,72.3,70.9,95.2,0.443,100,70.83,rain,0,0,13.4,6.3,234.9,1014.2,96.6,5.0,117.7,10.2,5,,2020-07-11T06:28:34,2020-07-11T19:01:50,0.7,"Rain, Overcast",Cloudy skies throughout the day with a chance of rain throughout the day.,rain,"65215099999,remote"
"Osun, Ekiti, Nigeria",2020-07-12,80.3,70.8,74.2,84.2,70.8,74.4,70.8,89.5,0.408,100,75.0,rain,0,0,16.3,9.2,235.4,1014.4,97.8,6.2,141.2,12.2,5,,2020-07-12T06:28:47,2020-07-12T19:01:51,0.73,"Rain, Overcast",Cloudy skies throughout the day with a chance of rain throughout the day.,rain,"65215099999,remote"
"Osun, Ekiti, Nigeria",2020-07-13,79.1,70.6,73.8,79.1,70.6,73.8,70.8,90.6,0.296,100,50.0,rain,0,0,22.4,9.8,219.6,1013.0,90.4,6.2,147.6,12.9,5,,2020-07-13T06:29:00,2020-07-13T19:01:52,0.75,"Rain, Overcast",Cloudy skies throughout the day with rain.,rain,"65215099999,remote"
"Osun, Ekiti, Nigeria",2020-07-14,80.1,70.6,73.9,83.6,70.6,74.2,70.0,88.4,0.532,100,62.5,rain,0,0,25.3,10.3,232.4,1012.8,96.3,6.2,167.3,14.4,7,,2020-07-14T06:29:12,2020-07-14T19:01:53,0.8,"Rain, Overcast",Cloudy skies throughout the day with rain.,rain,"65215099999,remote"
"Osun, Ekiti, Nigeria",2020-07-15,82.1,70.2,74.7,86.2,70.2,75.3,70.1,86.4,0.201,100,58.33,rain,0,0,21.7,8.3,223.6,1013.4,97.1,,126.3,11.0,5,,2020-07-15T06:29:25,2020-07-15T19:01:52,0.83,"Rain, Overcast",Cloudy skies throughout the day with a chance of rain throughout the day.,rain,remote
"Osun, Ekiti, Nigeria",2020-07-16,81.1,69.5,73.0,83.5,69.5,73.2,68.9,88.0,0.654,100,70.83,rain,0,0,18.8,7.4,231.3,1014.7,94.1,6.2,178.9,15.5,9,,2020-07-16T06:29:37,2020-07-16T19:01:51,0.86,"Rain, Overcast",Cloudy skies throughout the day with a chance of rain throughout the day.,rain,"65215099999,remote"
"Osun, Ekiti, Nigeria",2020-07-17,83.0,68.4,73.0,85.6,68.4,73.2,68.6,87.4,0.264,100,29.17,rain,0,0,17.7,7.2,218.1,1014.5,92.7,,188.5,16.2,8,,2020-07-17T06:29:49,2020-07-17T19:01:49,0.89,"Rain, Overcast",Cloudy skies throughout the day with rain.,rain,remote
"Osun, Ekiti, Nigeria",2020-07-18,82.8,70.6,73.8,86.3,70.6,74.1,70.0,88.7,0.3,100,45.83,rain,0,0,15.7,6.0,214.7,1014.0,97.7,,169.8,14.5,7,,2020-07-18T06:30:00,2020-07-18T19:01:46,0.93,"Rain, Overcast",Cloudy skies throughout the day with rain.,rain,remote
"Osun, Ekiti, Nigeria",2020-07-19,83.0,69.7,75.0,86.9,69.7,75.5,69.7,84.7,0.228,100,33.33,rain,0,0,16.3,6.9,231.4,1013.1,86.8,,148.8,12.8,5,,2020-07-19T06:30:11,2020-07-19T19:01:43,0.96,"Rain, Partially cloudy",Partly cloudy throughout the day with rain.,rain,remote
"Osun, Ekiti, Nigeria",2020-07-20,80.3,69.7,73.9,83.6,69.7,74.1,70.1,88.2,0.544,100,58.33,rain,0,0,17.2,6.5,221.3,1012.7,97.2,,152.2,13.1,6,,2020-07-20T06:30:22,2020-07-20T19:01:39,0.0,"Rain, Overcast",Cloudy skies throughout the day with a chance of rain throughout the day.,rain,remote
"Osun, Ekiti, Nigeria",2020-07-21,81.8,71.0,74.9,88.0,71.0,75.6,70.8,87.6,0.619,100,45.83,rain,0,0,17.2,6.9,223.1,1012.8,86.7,6.2,157.9,13.6,6,,2020-07-21T06:30:33,2020-07-21T19:01:34,0.03,"Rain, Partially cloudy",Partly cloudy throughout the day with rain.,rain,"65215099999,remote"
"Osun, Ekiti, Nigeria",2020-07-22,84.5,71.1,75.3,89.2,71.1,75.9,70.2,85.4,0.179,100,45.83,rain,0,0,15.9,7.6,215.4,1013.0,86.8,6.2,214.5,18.4,7,,2020-07-22T06:30:43,2020-07-22T19:01:28,0.06,"Rain, Partially cloudy",Partly cloudy throughout the day with a chance of rain throughout the day.,rain,"65215099999,remote"
"Osun, Ekiti, Nigeria",2020-07-23,84.5,70.4,75.1,88.8,70.4,75.6,70.5,86.5,0.118,100,25.0,rain,0,0,20.1,8.5,225.9,1012.6,94.6,,185.7,16.1,8,,2020-07-23T06:30:52,2020-07-23T19:01:21,0.1,"Rain, Overcast",Cloudy skies throughout the day with rain in the morning and afternoon.,rain,remote
"Osun, Ekiti, Nigeria",2020-07-24,81.6,70.2,75.3,84.4,70.2,75.7,68.9,81.6,0.02,100,20.83,rain,0,0,18.8,7.8,225.3,1012.6,97.0,,176.1,15.3,7,,2020-07-24T06:31:02,2020-07-24T19:01:14,0.13,"Rain, Overcast",Cloudy skies throughout the day with rain.,rain,remote
"Osun, Ekiti, Nigeria",2020-07-25,81.9,70.1,74.9,85.3,70.1,75.3,69.2,83.3,0.22,100,12.5,rain,0,0,21.3,8.7,231.1,1013.0,87.0,,192.8,16.8,8,,2020-07-25T06:31:11,2020-07-25T19:01:06,0.17,"Rain, Partially cloudy",Partly cloudy throughout the day with afternoon rain.,rain,remote
"Osun, Ekiti, Nigeria",2020-07-26,80.3,70.6,74.0,83.0,70.6,74.1,69.6,86.7,0.308,100,33.33,rain,0,0,19.5,8.1,228.8,1013.4,91.2,,155.1,13.3,6,,2020-07-26T06:31:19,2020-07-26T19:00:57,0.21,"Rain, Overcast",Cloudy skies throughout the day with rain.,rain,remote
"Osun, Ekiti, Nigeria",2020-07-27,80.5,70.2,74.0,83.7,70.2,74.1,69.1,85.5,0.076,100,37.5,rain,0,0,20.1,8.3,226.8,1013.6,95.8,,154.4,13.2,6,,2020-07-27T06:31:27,2020-07-27T19:00:47,0.25,"Rain, Overcast",Cloudy skies throughout the day with rain.,rain,remote
"Osun, Ekiti, Nigeria",2020-07-28,80.1,70.1,73.8,83.2,70.1,74.0,69.3,86.5,0.079,100,16.67,rain,0,0,19.2,7.8,226.8,1013.8,88.6,,168.0,14.7,7,,2020-07-28T06:31:35,2020-07-28T19:00:37,0.28,"Rain, Partially cloudy",Partly cloudy throughout the day with afternoon rain.,rain,remote
"Osun, Ekiti, Nigeria",2020-07-29,81.9,69.5,74.8,85.5,69.5,75.2,68.5,81.8,0.02,100,12.5,rain,0,0,18.6,9.2,228.8,1013.9,83.6,6.2,197.8,17.1,7,,2020-07-29T06:31:42,2020-07-29T19:00:25,0.31,"Rain, Partially cloudy",Partly cloudy throughout the day with rain.,rain,"65215099999,remote"
"Osun, Ekiti, Nigeria",2020-07-30,82.3,69.3,74.9,86.5,69.3,75.7,69.3,83.4,0.139,100,29.17,rain,0,0,21.5,8.9,227.1,1013.5,88.3,,201.0,17.3,8,,2020-07-30T06:31:49,2020-07-30T19:00:13,0.35,"Rain, Partially cloudy",Partly cloudy throughout the day with rain.,rain,remote
"Osun, Ekiti, Nigeria",2020-07-31,74.4,68.8,71.3,74.4,68.8,71.3,69.9,95.3,1.79,100,83.33,rain,0,0,15.4,8.5,214.9,1014.3,100.0,,26.9,2.1,1,,2020-07-31T06:31:55,2020-07-31T19:00:01,0.38,"Rain, Overcast",Cloudy skies throughout the day with a chance of rain throughout the day.,rain,remote
"Osun, Ekiti, Nigeria",2020-08-01,81.9,68.1,74.0,83.5,68.1,74.4,67.9,83.0,0.064,100,37.5,rain,0,0,20.8,8.7,216.8,1015.0,76.0,,224.8,19.5,8,,2020-08-01T06:32:01,2020-08-01T18:59:47,0.42,"Rain, Partially cloudy",Partly cloudy throughout the day with a chance of rain throughout the day.,rain,remote
"Osun, Ekiti, Nigeria",2020-08-02,79.4,69.7,73.7,79.4,69.7,73.7,68.5,84.4,0.004,100,4.17,rain,0,0,21.5,8.7,234.5,1015.2,96.0,6.2,175.7,15.1,6,,2020-08-02T06:32:07,2020-08-02T18:59:33,0.46,"Rain, Overcast",Cloudy skies throughout the day with afternoon rain.,rain,"65215099999,remote"
"Osun, Ekiti, Nigeria",2020-08-03,82.8,70.1,74.5,85.1,70.1,74.9,66.9,78.9,0.004,100,4.17,rain,0,0,25.1,9.4,228.8,1015.9,94.8,,204.6,17.8,7,,2020-08-03T06:32:12,2020-08-03T18:59:18,0.5,"Rain, Overcast",Cloudy skies throughout the day with afternoon rain.,rain,remote
"Osun, Ekiti, Nigeria",2020-08-04,83.4,68.8,74.5,84.5,68.8,74.8,65.8,76.1,0.0,0,0.0,,0,0,21.7,8.7,228.8,1016.0,48.2,,283.3,24.4,10,,2020-08-04T06:32:16,2020-08-04T18:59:02,0.53,Partially cloudy,Clearing in the afternoon.,partly-cloudy-day,remote
"Osun, Ekiti, Nigeria",2020-08-05,81.6,67.6,73.8,84.1,67.6,74.1,67.2,81.2,0.008,100,4.17,rain,0,0,23.0,8.5,229.3,1015.0,69.0,6.2,213.0,18.3,8,,2020-08-05T06:32:20,2020-08-05T18:58:45,0.56,"Rain, Partially cloudy",Partly cloudy throughout the day with afternoon rain.,rain,"65215099999,remote"
"Osun, Ekiti, Nigeria",2020-08-06,74.7,68.1,71.0,74.7,68.1,71.0,66.9,87.6,0.08,100,29.17,rain,0,0,28.4,11.9,220.4,1015.3,99.2,,98.8,8.6,4,,2020-08-06T06:32:24,2020-08-06T18:58:28,0.59,"Rain, Overcast",Cloudy skies throughout the day with rain clearing later.,rain,remote
"Osun, Ekiti, Nigeria",2020-08-07,78.3,67.9,71.5,78.3,67.9,71.5,67.0,86.4,0.068,100,25.0,rain,0,0,25.5,11.9,216.5,1015.7,86.7,,178.3,15.2,7,,2020-08-07T06:32:27,2020-08-07T18:58:10,0.62,"Rain, Partially cloudy",Partly cloudy throughout the day with rain.,rain,remote
"Osun, Ekiti, Nigeria",2020-08-08,83.6,66.3,73.6,84.6,66.3,73.9,65.0,76.8,0.0,0,0.0,,0,0,20.1,7.8,218.7,1016.6,55.3,6.2,283.1,24.4,9,,2020-08-08T06:32:30,2020-08-08T18:57:51,0.66,Partially cloudy,Partly cloudy throughout the day.,partly-cloudy-day,"65215099999,remote"
"Osun, Ekiti, Nigeria",2020-08-09,83.4,65.9,73.2,84.8,65.9,73.5,65.8,79.7,0.0,0,0.0,,0,0,21.3,8.7,234.4,1015.0,59.3,,235.5,20.2,8,,2020-08-09T06:32:32,2020-08-09T18:57:32,0.69,Partially cloudy,Partly cloudy throughout the day.,partly-cloudy-day,remote
"Osun, Ekiti, Nigeria",2020-08-10,78.7,68.6,72.5,78.7,68.6,72.5,66.9,84.3,0.024,100,20.83,rain,0,0,24.4,10.1,219.9,1013.6,93.2,,208.1,18.1,7,,2020-08-10T06:32:34,2020-08-10T18:57:12,0.72,"Rain, Overcast",Cloudy skies throughout the day with afternoon rain.,rain,remote
"Osun, Ekiti, Nigeria",2020-08-11,80.1,68.4,73.6,81.3,68.4,73.6,65.8,78.3,0.004,100,4.17,rain,0,0,27.1,11.4,213.4,1014.3,81.8,,194.5,16.9,6,,2020-08-11T06:32:35,2020-08-11T18:56:51,0.75,"Rain, Partially cloudy",Partly cloudy throughout the day with morning rain.,rain,remote
"Osun, Ekiti, Nigeria",2020-08-12,88.8,67.6,76.3,90.2,67.6,76.9,66.0,74.0,0.0,0,0.0,,0,0,13.0,5.6,231.2,1014.1,53.7,6.2,299.6,25.9,10,,2020-08-12T06:32:36,2020-08-12T18:56:29,0.78,Partially cloudy,Partly cloudy throughout the day.,partly-cloudy-day,"65215099999,remote"
"Osun, Ekiti, Nigeria",2020-08-13,85.2,68.3,76.1,88.3,68.3,76.9,67.3,75.8,0.04,100,25.0,rain,0,0,14.3,6.0,253.3,1013.4,81.2,5.0,240.7,20.8,8,,2020-08-13T06:32:36,2020-08-13T18:56:07,0.82,"Rain, Partially cloudy",Partly cloudy throughout the day with rain.,rain,"65215099999,remote"
"Osun, Ekiti, Nigeria",2020-08-14,73.5,69.5,71.1,73.5,69.5,71.1,69.7,95.1,0.449,100,66.67,rain,0,0,21.5,9.8,216.1,1012.3,99.4,,75.2,6.6,3,,2020-08-14T06:32:36,2020-08-14T18:55:45,0.85,"Rain, Overcast",Cloudy skies throughout the day with a chance of rain throughout the day.,rain,remote
"Osun, Ekiti, Nigeria",2020-08-15,82.8,67.9,74.6,90.2,67.9,75.6,68.7,83.0,0.036,100,25.0,rain,0,0,22.1,9.2,212.0,1012.4,74.6,6.2,180.2,15.6,6,,2020-08-15T06:32:36,2020-08-15T18:55:21,0.88,"Rain, Partially cloudy",Partly cloudy throughout the day with rain in the morning and afternoon.,rain,"65215099999,remote"
"Osun, Ekiti, Nigeria",2020-08-16,83.6,70.6,75.7,87.2,70.6,76.6,69.4,81.9,0.028,100,25.0,rain,0,0,18.6,7.6,250.0,1012.1,72.3,,179.2,15.6,6,,2020-08-16T06:32:35,2020-08-16T18:54:57,0.91,"Rain, Partially cloudy",Partly cloudy throughout the day with rain in the morning and afternoon.,rain,remote
"Osun, Ekiti, Nigeria",2020-08-17,85.7,70.1,75.5,90.2,70.1,76.4,70.1,84.7,0.099,100,20.83,rain,0,0,16.1,10.3,219.3,1011.2,56.4,6.2,243.6,21.2,9,,2020-08-17T06:32:34,2020-08-17T18:54:33,0.95,"Rain, Partially cloudy",Partly cloudy throughout the day with rain.,rain,"65215099999,remote"
"Osun, Ekiti, Nigeria",2020-08-18,85.0,69.9,76.0,90.3,69.9,77.2,70.0,82.7,0.044,100,33.33,rain,0,0,20.4,8.5,219.0,1011.8,86.8,,155.6,13.4,6,,2020-08-18T06:32:32,2020-08-18T18:54:07,0.98,"Rain, Partially cloudy",Partly cloudy throughout the day with rain.,rain,remote
"Osun, Ekiti, Nigeria",2020-08-19,83.6,69.7,76.2,87.0,69.7,76.9,68.8,79.3,0.064,100,29.17,rain,0,0,21.5,8.7,226.8,1010.7,68.1,,215.1,18.5,8,,2020-08-19T06:32:30,2020-08-19T18:53:42,0.0,"Rain, Partially cloudy",Partly cloudy throughout the day with rain in the morning and afternoon.,rain,remote
"Osun, Ekiti, Nigeria",2020-08-20,81.1,70.1,74.4,83.9,70.1,74.8,70.3,87.7,0.261,100,37.5,rain,0,0,20.6,7.8,232.9,1010.6,94.4,,205.9,17.7,8,,2020-08-20T06:32:28,2020-08-20T18:53:15,0.05,"Rain, Overcast",Cloudy skies throughout the day with rain.,rain,remote
"Osun, Ekiti, Nigeria",2020-08-21,77.3,70.2,72.8,77.3,70.2,72.8,70.2,91.9,0.476,100,58.33,rain,0,0,20.6,9.8,222.6,1011.8,99.9,,86.7,7.6,4,,2020-08-21T06:32:25,2020-08-21T18:52:48,0.08,"Rain, Overcast",Cloudy skies throughout the day with a chance of rain throughout the day.,rain,remote
"Osun, Ekiti, Nigeria",2020-08-22,81.6,71.0,75.2,84.6,71.0,75.7,69.2,82.8,0.064,100,37.5,rain,0,0,20.8,8.3,213.8,1012.7,81.5,5.0,216.5,18.6,9,,2020-08-22T06:32:22,2020-08-22T18:52:21,0.12,"Rain, Partially cloudy",Partly cloudy throughout the day with rain in the morning and afternoon.,rain,"65215099999,remote"
"Osun, Ekiti, Nigeria",2020-08-23,83.4,70.1,75.5,85.3,70.1,76.2,68.1,79.9,0.008,100,8.33,rain,0,0,20.1,8.1,233.8,1013.6,99.2,,235.2,20.2,8,,2020-08-23T06:32:18,2020-08-23T18:51:53,0.15,"Rain, Overcast",Cloudy skies throughout the day with afternoon rain.,rain,remote
"Osun, Ekiti, Nigeria",2020-08-24,81.2,70.6,74.2,83.0,70.6,74.4,67.5,80.9,0.076,100,33.33,rain,0,0,25.1,9.6,222.6,1012.7,99.6,,141.1,12.2,5,,2020-08-24T06:32:14,2020-08-24T18:51:25,0.19,"Rain, Overcast",Cloudy skies throughout the day with rain.,rain,remote
"Osun, Ekiti, Nigeria",2020-08-25,83.0,68.3,74.5,85.8,68.3,75.2,68.1,82.1,0.016,100,12.5,rain,0,0,15.9,8.1,210.4,1012.9,93.8,9.3,166.2,14.3,6,,2020-08-25T06:32:10,2020-08-25T18:50:56,0.25,"Rain, Overcast",Cloudy skies throughout the day with early morning rain.,rain,"65215099999,remote"
"Osun, Ekiti, Nigeria",2020-08-26,80.0,69.2,73.4,80.0,69.2,73.4,69.0,86.7,0.358,100,29.17,rain,0,0,13.6,5.4,231.3,1013.8,95.8,,162.9,14.0,5,,2020-08-26T06:32:05,2020-08-26T18:50:27,0.26,"Rain, Overcast",Cloudy skies throughout the day with rain in the morning and afternoon.,rain,remote
"Osun, Ekiti, Nigeria",2020-08-27,83.7,70.6,74.7,88.7,70.6,75.6,70.2,86.8,0.221,100,20.83,rain,0,0,16.3,6.9,220.6,1013.8,85.6,,197.3,17.3,7,,2020-08-27T06:32:00,2020-08-27T18:49:57,0.3,"Rain, Partially cloudy",Partly cloudy throughout the day with rain in the morning and afternoon.,rain,remote
"Osun, Ekiti, Nigeria",2020-08-28,81.4,70.4,74.1,84.1,70.4,74.3,69.2,85.3,0.426,100,41.67,rain,0,0,23.0,9.6,224.3,1013.3,99.8,,156.8,13.4,6,,2020-08-28T06:31:55,2020-08-28T18:49:27,0.33,"Rain, Overcast",Cloudy skies throughout the day with rain.,rain,remote
"Osun, Ekiti, Nigeria",2020-08-29,81.9,70.2,74.1,85.8,70.2,74.5,69.6,86.9,0.079,100,37.5,rain,0,0,20.1,8.7,219.9,1012.9,97.0,,155.8,13.6,6,,2020-08-29T06:31:49,2020-08-29T18:48:56,0.37,"Rain, Overcast",Cloudy skies throughout the day with a chance of rain throughout the day.,rain,remote
"Osun, Ekiti, Nigeria",2020-08-30,85.4,70.8,75.0,89.9,70.8,75.7,69.7,84.8,0.076,100,33.33,rain,0,0,19.2,7.8,225.9,1013.1,98.6,,110.1,9.4,5,,2020-08-30T06:31:44,2020-08-30T18:48:25,0.4,"Rain, Overcast",Cloudy skies throughout the day with rain.,rain,remote
"Osun, Ekiti, Nigeria",2020-08-31,82.1,70.8,74.1,86.0,70.8,74.4,71.1,91.1,0.423,100,62.5,rain,0,0,16.1,6.7,231.0,1013.6,95.6,6.2,135.5,11.8,7,,2020-08-31T06:31:37,2020-08-31T18:47:54,0.44,"Rain, Overcast",Cloudy skies throughout the day with rain.,rain,"65215099999,remote"
"Osun, Ekiti, Nigeria",2020-09-01,73.8,69.9,71.9,73.8,69.9,71.9,69.6,92.6,0.571,100,91.67,rain,0,0,17.4,6.9,234.1,1013.0,100.0,,69.1,6.0,3,,2020-09-01T06:31:31,2020-09-01T18:47:22,0.47,"Rain, Overcast",Cloudy skies throughout the day with a chance of rain throughout the day.,rain,remote
"Osun, Ekiti, Nigeria",2020-09-02,81.6,71.0,74.3,84.3,71.0,74.4,70.0,87.3,0.316,100,54.17,rain,0,0,16.8,6.5,230.8,1011.7,83.4,,144.5,12.6,6,,2020-09-02T06:31:25,2020-09-02T18:46:50,0.5,"Rain, Partially cloudy",Partly cloudy throughout the day with a chance of rain throughout the day.,rain,remote
"Osun, Ekiti, Nigeria",2020-09-03,81.9,70.2,74.8,85.6,70.2,75.2,69.1,83.7,0.124,100,54.17,rain,0,0,19.2,7.6,218.4,1013.0,78.5,,224.6,19.5,7,,2020-09-03T06:31:18,2020-09-03T18:46:18,0.54,"Rain, Partially cloudy",Partly cloudy throughout the day with rain.,rain,remote
"Osun, Ekiti, Nigeria",2020-09-04,79.1,70.2,72.7,79.1,70.2,72.7,69.7,90.8,0.474,100,58.33,rain,0,0,17.7,7.2,235.3,1015.0,99.4,,113.2,9.5,6,,2020-09-04T06:31:11,2020-09-04T18:45:45,0.57,"Rain, Overcast",Cloudy skies throughout the day with rain.,rain,remote
"Osun, Ekiti, Nigeria",2020-09-05,75.5,70.2,72.1,75.5,70.2,72.1,70.7,95.2,0.859,100,100.0,rain,0,0,19.5,9.4,221.5,1014.0,99.8,,71.1,6.0,3,,2020-09-05T06:31:03,2020-09-05T18:45:12,0.61,"Rain, Overcast",Cloudy skies throughout the day with a chance of rain throughout the day.,rain,remote
"Osun, Ekiti, Nigeria",2020-09-06,81.9,70.4,74.7,84.4,70.4,75.2,69.4,84.9,0.084,100,45.83,rain,0,0,17.7,8.1,227.2,1012.1,80.2,,139.5,12.1,5,,2020-09-06T06:30:56,2020-09-06T18:44:39,0.64,"Rain, Partially cloudy",Partly cloudy throughout the day with a chance of rain throughout the day.,rain,remote
"Osun, Ekiti, Nigeria",2020-09-07,86.3,68.6,76.3,89.7,68.6,77.4,69.2,80.9,0.028,100,29.17,rain,0,0,15.9,6.3,225.1,1011.3,72.1,,244.4,21.1,9,,2020-09-07T06:30:48,2020-09-07T18:44:06,0.67,"Rain, Partially cloudy",Partly cloudy throughout the day with rain.,rain,remote
"Osun, Ekiti, Nigeria",2020-09-08,80.3,70.6,74.4,83.3,70.6,74.7,70.7,88.8,0.524,100,37.5,rain,0,0,17.2,5.6,234.7,1011.8,91.0,,148.4,12.9,5,,2020-09-08T06:30:41,2020-09-08T18:43:32,0.7,"Rain, Overcast",Cloudy skies throughout the day with rain.,rain,remote
"Osun, Ekiti, Nigeria",2020-09-09,76.4,70.2,72.1,76.4,70.2,72.1,71.0,96.2,2.05,100,83.33,rain,0,0,20.1,11.4,215.8,1013.3,99.7,,40.8,3.6,2,,2020-09-09T06:30:33,2020-09-09T18:42:58,0.74,"Rain, Overcast",Cloudy skies throughout the day with a chance of rain throughout the day.,rain,remote
"Osun, Ekiti, Nigeria",2020-09-10,78.9,69.7,73.0,78.9,69.7,73.0,70.2,91.1,0.084,100,41.67,rain,0,0,16.8,7.8,212.3,1013.5,80.0,,102.0,8.8,3,,2020-09-10T06:30:25,2020-09-10T18:42:25,0.75,"Rain, Partially cloudy",Partly cloudy throughout the day with rain in the morning and afternoon.,rain,remote
"Osun, Ekiti, Nigeria",2020-09-11,82.7,70.6,75.1,87.1,70.6,76.0,70.5,86.5,0.024,100,12.5,rain,0,0,18.6,6.9,225.5,1012.4,93.4,6.9,131.4,11.3,5,,2020-09-11T06:30:17,2020-09-11T18:41:51,0.8,"Rain, Overcast",Cloudy skies throughout the day with rain in the morning and afternoon.,rain,"65215099999,remote"
"Osun, Ekiti, Nigeria",2020-09-12,81.8,68.4,73.4,85.3,68.4,73.8,70.3,90.8,0.386,100,45.83,rain,0,0,16.8,7.4,216.4,1013.0,97.0,6.2,186.1,15.9,9,,2020-09-12T06:30:09,2020-09-12T18:41:16,0.84,"Rain, Overcast",Cloudy skies throughout the day with rain.,rain,"65215099999,remote"
"Osun, Ekiti, Nigeria",2020-09-13,81.9,68.3,73.3,86.0,68.3,73.8,70.0,89.9,0.152,100,45.83,rain,0,0,16.1,6.3,210.7,1014.0,82.3,,89.9,7.7,4,,2020-09-13T06:30:00,2020-09-13T18:40:42,0.87,"Rain, Partially cloudy",Partly cloudy throughout the day with a chance of rain throughout the day.,rain,remote
"Osun, Ekiti, Nigeria",2020-09-14,84.8,70.4,75.0,88.6,70.4,75.4,70.7,87.7,0.675,100,50.0,rain,0,0,17.7,7.2,210.6,1014.5,77.7,,203.5,17.5,9,,2020-09-14T06:29:52,2020-09-14T18:40:08,0.9,"Rain, Partially cloudy",Partly cloudy throughout the day with a chance of rain throughout the day.,rain,remote
"Osun, Ekiti, Nigeria",2020-09-15,81.8,69.0,72.8,85.1,69.0,73.1,69.4,89.8,0.103,100,29.17,rain,0,0,23.5,6.9,260.0,1012.8,94.7,6.2,151.0,13.1,8,,2020-09-15T06:29:44,2020-09-15T18:39:33,0.93,"Rain, Overcast",Cloudy skies throughout the day with rain.,rain,"65215099999,remote"
"Osun, Ekiti, Nigeria",2020-09-16,79.4,69.2,72.7,79.4,69.2,72.7,69.9,91.0,0.694,100,45.83,rain,0,0,19.9,10.3,201.4,1011.8,93.5,6.2,174.6,15.0,8,,2020-09-16T06:29:36,2020-09-16T18:38:59,0.97,"Rain, Overcast",Cloudy skies throughout the day with a chance of rain throughout the day.,rain,"65215099999,remote"
"Osun, Ekiti, Nigeria",2020-09-17,84.1,70.4,74.7,88.6,70.4,75.4,70.3,87.3,0.181,100,41.67,rain,0,0,21.3,8.5,212.9,1013.1,79.6,,212.0,18.4,9,,2020-09-17T06:29:27,2020-09-17T18:38:24,0.0,"Rain, Partially cloudy",Partly cloudy throughout the day with a chance of rain throughout the day.,rain,remote
"Osun, Ekiti, Nigeria",2020-09-18,80.5,70.6,74.3,83.7,70.6,74.6,70.4,88.2,0.241,100,25.0,rain,0,0,18.1,5.4,245.7,1014.1,88.3,,193.8,16.6,6,,2020-09-18T06:29:19,2020-09-18T18:37:50,0.03,"Rain, Partially cloudy",Partly cloudy throughout the day with rain.,rain,remote
"Osun, Ekiti, Nigeria",2020-09-19,85.0,69.2,74.5,89.2,69.2,75.5,70.0,86.7,0.521,100,45.83,rain,0,0,21.7,6.9,100.8,1013.5,98.0,,171.8,14.9,8,,2020-09-19T06:29:11,2020-09-19T18:37:15,0.07,"Rain, Overcast",Cloudy skies throughout the day with rain.,rain,remote
"Osun, Ekiti, Nigeria",2020-09-20,88.4,69.2,74.4,90.4,69.2,74.9,69.5,87.2,0.181,100,20.83,rain,0,0,23.0,8.7,209.6,1013.6,99.1,,186.1,16.2,9,,2020-09-20T06:29:02,2020-09-20T18:36:41,0.1,"Rain, Overcast",Cloudy skies throughout the day with rain.,rain,remote
"Osun, Ekiti, Nigeria",2020-09-21,80.7,69.5,73.5,83.5,69.5,73.6,70.1,90.1,0.43,100,54.17,rain,0,0,15.7,7.6,221.7,1013.7,95.2,,199.4,17.2,8,,2020-09-21T06:28:54,2020-09-21T18:36:06,0.14,"Rain, Overcast",Cloudy skies throughout the day with rain.,rain,remote
"Osun, Ekiti, Nigeria",2020-09-22,80.5,69.0,72.8,83.8,69.0,72.9,70.5,92.9,0.641,100,79.17,rain,0,0,10.7,5.1,212.6,1013.9,93.6,,124.7,10.7,5,,2020-09-22T06:28:46,2020-09-22T18:35:32,0.17,"Rain, Overcast",Cloudy skies throughout the day with a chance of rain throughout the day.,rain,remote
"Osun, Ekiti, Nigeria",2020-09-23,85.7,69.7,74.8,90.0,69.7,75.8,70.4,87.4,0.248,100,25.0,rain,0,0,20.4,7.2,201.9,1014.3,71.4,,197.9,17.1,8,,2020-09-23T06:28:38,2020-09-23T18:34:58,0.21,"Rain, Partially cloudy",Partly cloudy throughout the day with rain in the morning and afternoon.,rain,remote
"Osun, Ekiti, Nigeria",2020-09-24,82.3,68.1,72.7,86.9,68.1,73.2,69.8,91.2,0.074,100,16.67,rain,0,0,16.8,6.9,220.6,1014.8,91.3,,143.8,12.5,6,,2020-09-24T06:28:30,2020-09-24T18:34:24,0.25,"Rain, Overcast",Cloudy skies throughout the day with rain.,rain,remote
"Osun, Ekiti, Nigeria",2020-09-25,82.7,69.2,74.3,87.2,69.2,74.9,69.1,84.6,0.024,100,12.5,rain,0,0,16.6,6.5,203.0,1014.1,47.3,,198.5,17.2,6,,2020-09-25T06:28:23,2020-09-25T18:33:50,0.28,"Rain, Partially cloudy",Partly cloudy throughout the day with rain.,rain,remote
"Osun, Ekiti, Nigeria",2020-09-26,74.7,67.9,71.5,74.7,67.9,71.5,69.9,94.9,0.288,100,62.5,rain,0,0,16.6,5.6,214.5,1012.8,93.1,,109.9,9.6,4,,2020-09-26T06:28:15,2020-09-26T18:33:17,0.31,"Rain, Overcast",Cloudy skies throughout the day with a chance of rain throughout the day.,rain,remote
"Osun, Ekiti, Nigeria",2020-09-27,81.8,69.5,74.5,86.0,69.5,74.8,69.7,86.0,0.02,100,20.83,rain,0,0,12.5,5.6,222.2,1011.9,76.4,,117.3,9.9,4,,2020-09-27T06:28:08,2020-09-27T18:32:43,0.35,"Rain, Partially cloudy",Partly cloudy throughout the day with rain.,rain,remote
"Osun, Ekiti, Nigeria",2020-09-28,86.1,69.7,74.5,90.4,69.7,75.2,70.7,89.2,0.386,100,33.33,rain,0,0,19.5,8.3,220.1,1012.4,85.7,,213.7,18.3,9,,2020-09-28T06:28:01,2020-09-28T18:32:10,0.38,"Rain, Partially cloudy",Partly cloudy throughout the day with rain.,rain,remote
"Osun, Ekiti, Nigeria",2020-09-29,80.7,69.2,72.8,84.9,69.2,73.1,70.4,92.7,0.96,100,83.33,rain,0,0,21.3,8.1,214.8,1013.3,99.4,,127.3,11.1,5,,2020-09-29T06:27:54,2020-09-29T18:31:37,0.42,"Rain, Overcast",Cloudy skies throughout the day with a chance of rain throughout the day.,rain,remote
"Osun, Ekiti, Nigeria",2020-09-30,76.4,70.1,72.7,76.4,70.1,72.7,71.3,95.2,0.501,100,79.17,rain,0,0,22.4,10.7,216.3,1013.1,99.9,,65.6,5.6,3,,2020-09-30T06:27:47,2020-09-30T18:31:04,0.45,"Rain, Overcast",Cloudy skies throughout the day with a chance of rain throughout the day.,rain,remote
"Osun, Ekiti, Nigeria",2020-10-01,83.9,70.2,75.6,88.4,70.2,76.4,70.4,85.1,0.064,100,41.67,rain,0,0,19.2,8.9,214.5,1011.8,69.5,,191.8,16.5,7,,2020-10-01T06:27:41,2020-10-01T18:30:32,0.5,"Rain, Partially cloudy",Partly cloudy throughout the day with rain in the morning and afternoon.,rain,remote
"Osun, Ekiti, Nigeria",2020-10-02,82.8,71.0,74.4,86.2,71.0,75.0,70.2,87.7,0.537,100,50.0,rain,0,0,15.4,4.9,211.3,1011.7,92.4,,209.8,18.1,9,,2020-10-02T06:27:35,2020-10-02T18:29:59,0.52,"Rain, Overcast",Cloudy skies throughout the day with rain.,rain,remote
"Osun, Ekiti, Nigeria",2020-10-03,82.5,70.1,74.6,86.9,70.1,75.0,71.2,89.8,0.106,100,33.33,rain,0,0,14.3,5.6,203.8,1012.0,96.5,,134.6,11.6,5,,2020-10-03T06:27:29,2020-10-03T18:29:28,0.55,"Rain, Overcast",Cloudy skies throughout the day with rain in the morning and afternoon.,rain,remote
"Osun, Ekiti, Nigeria",2020-10-04,84.3,69.2,75.5,88.6,69.2,76.4,70.9,86.7,0.158,100,29.17,rain,0,0,16.1,5.6,221.2,1013.1,83.7,,185.6,16.0,7,,2020-10-04T06:27:23,2020-10-04T18:28:56,0.59,"Rain, Partially cloudy",Partly cloudy throughout the day with rain.,rain,remote
"Osun, Ekiti, Nigeria",2020-10-05,84.5,69.3,74.4,90.0,69.3,75.2,70.8,89.6,0.283,100,37.5,rain,0,0,21.5,5.8,220.1,1013.6,90.3,,169.6,14.5,8,,2020-10-05T06:27:18,2020-10-05T18:28:25,0.62,"Rain, Overcast",Cloudy skies throughout the day with rain.,rain,remote
"Osun, Ekiti, Nigeria",2020-10-06,83.0,69.9,74.2,87.9,69.9,74.7,70.9,89.9,0.352,100,50.0,rain,0,0,21.5,6.7,208.9,1013.3,98.8,,134.8,11.7,6,,2020-10-06T06:27:13,2020-10-06T18:27:54,0.65,"Rain, Overcast",Cloudy skies throughout the day with a chance of rain throughout the day.,rain,remote
"Osun, Ekiti, Nigeria",2020-10-07,78.2,67.9,72.9,78.2,67.9,72.9,69.1,88.4,0.205,100,29.17,rain,0,0,20.8,9.4,197.3,1013.3,95.4,,114.4,9.7,4,,2020-10-07T06:27:09,2020-10-07T18:27:24,0.69,"Rain, Overcast",Cloudy skies throughout the day with rain clearing later.,rain,remote
"Osun, Ekiti, Nigeria",2020-10-08,82.8,71.0,74.0,86.3,71.0,74.4,70.3,89.1,0.386,100,33.33,rain,0,0,13.9,6.3,210.0,1013.7,94.8,,165.6,14.2,8,,2020-10-08T06:27:04,2020-10-08T18:26:54,0.72,"Rain, Overcast",Cloudy skies throughout the day with rain in the morning and afternoon.,rain,remote
"Osun, Ekiti, Nigeria",2020-10-09,84.3,69.9,74.4,89.4,69.9,75.2,70.1,87.4,0.418,100,41.67,rain,0,0,14.5,5.8,217.4,1014.0,99.1,,181.1,15.8,6,,2020-10-09T06:27:01,2020-10-09T18:26:25,0.75,"Rain, Overcast",Cloudy skies throughout the day with a chance of rain throughout the day.,rain,remote
"Osun, Ekiti, Nigeria",2020-10-10,81.2,69.2,73.7,85.6,69.2,74.1,70.2,89.2,0.386,100,37.5,rain,0,0,14.8,6.9,182.8,1014.4,97.3,6.2,116.5,10.0,4,,2020-10-10T06:26:57,2020-10-10T18:25:56,0.75,"Rain, Overcast",Cloudy skies throughout the day with rain in the morning and afternoon.,rain,"65215099999,remote"
"Osun, Ekiti, Nigeria",2020-10-11,86.3,69.9,75.5,90.2,69.9,76.1,70.0,84.7,0.39,100,29.17,rain,0,0,22.1,5.6,217.8,1013.8,80.0,,214.2,18.6,9,,2020-10-11T06:26:55,2020-10-11T18:25:28,0.82,"Rain, Partially cloudy",Partly cloudy throughout the day with rain.,rain,remote
"Osun, Ekiti, Nigeria",2020-10-12,86.3,69.9,75.7,91.4,69.9,76.9,70.0,83.9,0.016,100,4.17,rain,0,0,17.9,6.3,235.2,1012.8,56.7,,237.8,20.5,9,,2020-10-12T06:26:52,2020-10-12T18:25:00,0.85,"Rain, Partially cloudy",Clearing in the afternoon with afternoon rain.,rain,remote
"Osun, Ekiti, Nigeria",2020-10-13,88.2,69.7,75.0,95.4,69.7,76.2,70.4,87.2,0.252,100,12.5,rain,0,0,18.8,7.8,215.0,1012.8,74.3,,210.9,18.2,9,,2020-10-13T06:26:50,2020-10-13T18:24:33,0.89,"Rain, Partially cloudy",Partly cloudy throughout the day with afternoon rain.,rain,remote
"Osun, Ekiti, Nigeria",2020-10-14,85.2,68.6,73.7,89.1,68.6,74.3,69.7,88.8,0.477,100,25.0,rain,0,0,20.8,6.5,206.4,1013.5,90.0,,193.6,16.7,8,,2020-10-14T06:26:49,2020-10-14T18:24:07,0.92,"Rain, Partially cloudy",Partly cloudy throughout the day with rain.,rain,remote
"Osun, Ekiti, Nigeria",2020-10-15,86.4,69.5,76.1,92.0,69.5,78.0,70.7,84.9,0.064,100,16.67,rain,0,0,19.2,5.6,206.4,1013.3,71.2,,198.7,17.2,8,,2020-10-15T06:26:48,2020-10-15T18:23:41,0.95,"Rain, Partially cloudy",Partly cloudy throughout the day with rain.,rain,remote
"Osun, Ekiti, Nigeria",2020-10-16,85.0,70.4,75.0,88.6,70.4,75.8,70.2,86.3,0.174,100,33.33,rain,0,0,22.6,5.6,206.8,1012.8,90.0,,193.5,16.8,8,,2020-10-16T06:26:47,2020-10-16T18:23:15,0.0,"Rain, Partially cloudy",Partly cloudy throughout the day with rain.,rain,remote
"Osun, Ekiti, Nigeria",2020-10-17,84.6,70.4,75.1,91.4,70.4,76.3,71.2,88.9,0.181,100,29.17,rain,0,0,25.1,5.4,173.8,1012.6,99.3,,179.8,15.4,7,,2020-10-17T06:26:47,2020-10-17T18:22:50,0.02,"Rain, Overcast",Cloudy skies throughout the day with rain.,rain,remote
"Osun, Ekiti, Nigeria",2020-10-18,87.0,70.8,76.8,93.0,70.8,78.5,71.8,86.1,0.181,100,20.83,rain,0,0,22.1,4.9,199.9,1011.6,76.7,,207.1,17.9,9,,2020-10-18T06:26:48,2020-10-18T18:22:26,0.06,"Rain, Partially cloudy",Partly cloudy throughout the day with rain.,rain,remote
"Osun, Ekiti, Nigeria",2020-10-19,84.1,70.1,74.7,89.7,70.1,75.5,70.8,88.9,0.291,100,29.17,rain,0,0,19.5,5.6,207.3,1012.4,79.8,,210.3,17.8,8,,2020-10-19T06:26:49,2020-10-19T18:22:03,0.09,"Rain, Partially cloudy",Partly cloudy throughout the day with rain.,rain,remote
"Osun, Ekiti, Nigeria",2020-10-20,87.3,69.3,75.0,92.5,69.3,76.1,70.4,87.2,0.202,100,20.83,rain,0,0,22.8,6.7,207.6,1012.3,65.0,,223.9,19.2,9,,2020-10-20T06:26:51,2020-10-20T18:21:40,0.12,"Rain, Partially cloudy",Partly cloudy throughout the day with rain.,rain,remote
"Osun, Ekiti, Nigeria",2020-10-21,88.6,71.1,78.5,91.3,71.1,80.0,70.2,78.3,0.0,0,0.0,,0,0,17.2,7.2,206.8,1012.5,54.0,,248.8,21.6,10,,2020-10-21T06:26:54,2020-10-21T18:21:18,0.16,Partially cloudy,Clearing in the afternoon.,partly-cloudy-day,remote
"Osun, Ekiti, Nigeria",2020-10-22,88.4,71.7,78.5,91.9,71.7,80.2,71.1,80.5,0.0,0,0.0,,0,0,14.5,5.8,197.1,1012.5,48.0,,239.2,20.7,10,,2020-10-22T06:26:57,2020-10-22T18:20:57,0.19,Partially cloudy,Clearing in the afternoon.,partly-cloudy-day,remote
"Osun, Ekiti, Nigeria",2020-10-23,89.1,72.1,78.7,91.3,72.1,80.3,71.1,80.3,0.0,0,0.0,,0,0,16.1,6.7,208.5,1012.5,78.0,,244.6,21.1,9,,2020-10-23T06:27:00,2020-10-23T18:20:37,0.25,Partially cloudy,Partly cloudy throughout the day.,partly-cloudy-day,remote
"Osun, Ekiti, Nigeria",2020-10-24,87.3,72.9,78.8,90.5,72.9,80.5,71.4,80.5,0.0,0,0.0,,0,0,16.8,7.4,197.5,1011.9,97.3,,217.7,18.7,9,,2020-10-24T06:27:04,2020-10-24T18:20:17,0.26,Overcast,Cloudy skies throughout the day.,cloudy,remote
"Osun, Ekiti, Nigeria",2020-10-25,89.7,71.9,77.6,95.5,71.9,78.7,72.4,86.2,0.13,100,25.0,rain,0,0,21.9,4.5,195.9,1011.5,97.3,,176.8,15.0,8,,2020-10-25T06:27:09,2020-10-25T18:19:58,0.29,"Rain, Overcast",Cloudy skies throughout the day with rain.,rain,remote
"Osun, Ekiti, Nigeria",2020-10-26,87.0,70.6,76.7,90.4,70.6,77.6,70.5,83.0,0.091,100,16.67,rain,0,0,19.0,5.1,164.2,1011.0,97.0,,207.5,18.0,9,,2020-10-26T06:27:15,2020-10-26T18:19:41,0.33,"Rain, Overcast",Cloudy skies throughout the day with rain.,rain,remote
"Osun, Ekiti, Nigeria",2020-10-27,90.4,72.1,79.2,92.6,72.1,80.4,69.4,75.4,0.0,0,0.0,,0,0,11.6,4.5,166.7,1010.5,88.1,,234.9,20.3,9,,2020-10-27T06:27:21,2020-10-27T18:19:23,0.36,Partially cloudy,Partly cloudy throughout the day.,partly-cloudy-day,remote
"Osun, Ekiti, Nigeria",2020-10-28,88.1,71.3,79.0,90.6,71.3,79.8,69.0,74.9,0.0,0,0.0,,0,0,19.7,6.0,159.4,1010.9,40.6,,236.9,20.4,9,,2020-10-28T06:27:28,2020-10-28T18:19:07,0.39,Partially cloudy,Partly cloudy throughout the day.,partly-cloudy-day,remote
"Osun, Ekiti, Nigeria",2020-10-29,89.9,70.2,79.9,91.9,70.2,80.8,69.4,74.5,0.0,0,0.0,,0,0,14.8,6.7,190.2,1012.0,57.8,,217.8,18.7,8,,2020-10-29T06:27:35,2020-10-29T18:18:52,0.43,Partially cloudy,Partly cloudy throughout the day.,partly-cloudy-day,remote
"Osun, Ekiti, Nigeria",2020-10-30,90.8,69.7,79.0,91.3,69.7,79.7,67.8,73.4,0.0,0,0.0,,0,0,17.4,5.8,189.1,1011.7,59.6,,257.8,22.5,9,,2020-10-30T06:27:44,2020-10-30T18:18:37,0.46,Partially cloudy,Partly cloudy throughout the day.,partly-cloudy-day,remote
"Osun, Ekiti, Nigeria",2020-10-31,92.2,72.6,80.0,92.4,72.6,80.5,68.6,72.9,0.0,0,0.0,,0,0,19.7,7.4,172.9,1011.5,59.8,,242.3,21.0,9,,2020-10-31T06:27:53,2020-10-31T18:18:24,0.5,Partially cloudy,Partly cloudy throughout the day.,partly-cloudy-day,remote
"Osun, Ekiti, Nigeria",2020-11-01,92.6,72.4,80.3,92.7,72.4,80.8,68.6,72.9,0.0,0,0.0,,0,0,17.0,6.9,170.8,1010.7,73.4,,260.6,22.3,9,,2020-11-01T06:28:02,2020-11-01T18:18:11,0.53,Partially cloudy,Partly cloudy throughout the day.,partly-cloudy-day,remote
"Osun, Ekiti, Nigeria",2020-11-02,87.7,72.8,79.2,90.2,72.8,80.3,70.3,77.6,0.004,100,4.17,rain,0,0,14.8,5.8,177.8,1011.8,83.8,,210.6,18.1,8,,2020-11-02T06:28:13,2020-11-02T18:17:59,0.56,"Rain, Partially cloudy",Partly cloudy throughout the day with morning rain.,rain,remote
"Osun, Ekiti, Nigeria",2020-11-03,91.3,71.5,80.2,92.2,71.5,80.5,66.7,68.4,0.0,0,0.0,,0,0,19.7,8.7,84.0,1012.0,74.0,,260.6,22.2,9,,2020-11-03T06:28:24,2020-11-03T18:17:48,0.6,Partially cloudy,Partly cloudy throughout the day.,partly-cloudy-day,remote
"Osun, Ekiti, Nigeria",2020-11-04,89.0,72.6,78.7,90.3,72.6,79.7,70.0,78.3,0.0,0,0.0,,0,0,18.6,5.1,193.1,1012.0,99.4,,187.4,16.2,8,,2020-11-04T06:28:35,2020-11-04T18:17:38,0.63,Overcast,Cloudy skies throughout the day.,cloudy,remote
"Osun, Ekiti, Nigeria",2020-11-05,91.5,71.9,80.4,91.6,71.9,81.2,68.6,72.2,0.0,0,0.0,,0,0,14.3,5.4,139.0,1011.7,97.8,,242.7,21.0,9,,2020-11-05T06:28:48,2020-11-05T18:17:29,0.67,Overcast,Cloudy skies throughout the day.,cloudy,remote
"Osun, Ekiti, Nigeria",2020-11-06,94.0,70.6,80.5,91.8,70.6,80.1,64.2,65.0,0.0,0,0.0,,0,0,20.8,8.3,105.8,1011.8,54.9,,265.4,23.0,9,,2020-11-06T06:29:01,2020-11-06T18:17:22,0.7,Partially cloudy,Clearing in the afternoon.,partly-cloudy-day,remote
"Osun, Ekiti, Nigeria",2020-11-07,92.7,72.4,80.8,90.8,72.4,80.6,65.2,65.9,0.0,0,0.0,,0,0,17.9,7.2,318.2,1013.0,83.0,,244.2,21.0,9,,2020-11-07T06:29:15,2020-11-07T18:17:15,0.73,Partially cloudy,Partly cloudy throughout the day.,partly-cloudy-day,remote
"Osun, Ekiti, Nigeria",2020-11-08,92.4,71.5,80.1,91.0,71.5,80.0,65.2,66.1,0.0,0,0.0,,0,0,14.1,7.2,229.4,1013.9,84.0,,255.7,22.2,9,,2020-11-08T06:29:30,2020-11-08T18:17:09,0.75,Partially cloudy,Partly cloudy throughout the day.,partly-cloudy-day,remote
"Osun, Ekiti, Nigeria",2020-11-09,91.7,71.3,79.7,91.3,71.3,80.0,66.4,68.5,0.0,0,0.0,,0,0,12.1,6.0,207.5,1013.5,66.8,,247.4,21.5,9,,2020-11-09T06:29:45,2020-11-09T18:17:04,0.8,Partially cloudy,Partly cloudy throughout the day.,partly-cloudy-day,remote
"Osun, Ekiti, Nigeria",2020-11-10,88.6,71.7,79.0,89.8,71.7,79.8,69.0,75.5,0.0,0,0.0,,0,0,15.0,5.1,191.9,1012.7,59.6,,208.9,18.0,8,,2020-11-10T06:30:01,2020-11-10T18:17:00,0.84,Partially cloudy,Partly cloudy throughout the day.,partly-cloudy-day,remote
"Osun, Ekiti, Nigeria",2020-11-11,87.3,70.1,77.0,89.3,70.1,77.5,69.4,79.9,0.075,100,29.17,rain,0,0,15.0,5.1,196.6,1012.0,58.5,5.0,211.2,18.2,7,,2020-11-11T06:30:18,2020-11-11T18:16:57,0.87,"Rain, Partially cloudy",Partly cloudy throughout the day with rain.,rain,"65215099999,remote"
"Osun, Ekiti, Nigeria",2020-11-12,90.1,70.6,79.5,90.2,70.6,79.3,63.7,64.3,0.0,0,0.0,,0,0,18.3,7.6,22.2,1011.6,32.1,,262.4,22.6,9,,2020-11-12T06:30:36,2020-11-12T18:16:55,0.91,Partially cloudy,Clearing in the afternoon.,partly-cloudy-day,remote
"Osun, Ekiti, Nigeria",2020-11-13,92.7,69.0,80.1,90.4,69.0,79.2,55.4,45.3,0.0,0,0.0,,0,0,21.5,8.1,27.3,1011.9,40.0,,271.0,23.5,9,,2020-11-13T06:30:54,2020-11-13T18:16:54,0.94,Partially cloudy,Partly cloudy throughout the day.,partly-cloudy-day,remote
"Osun, Ekiti, Nigeria",2020-11-14,93.6,68.6,79.9,91.0,68.6,79.3,61.8,61.5,0.0,0,0.0,,0,0,15.7,6.3,93.3,1011.8,77.0,,256.1,22.1,9,,2020-11-14T06:31:13,2020-11-14T18:16:54,0.97,Partially cloudy,Partly cloudy throughout the day.,partly-cloudy-day,remote
"Osun, Ekiti, Nigeria",2020-11-15,93.8,71.0,80.3,92.4,71.0,80.2,64.9,65.8,0.0,0,0.0,,0,0,18.1,7.4,115.7,1011.0,90.3,,258.1,22.3,9,,2020-11-15T06:31:32,2020-11-15T18:16:55,0.0,Overcast,Cloudy skies throughout the day.,cloudy,remote
"Osun, Ekiti, Nigeria",2020-11-16,95.4,70.4,80.6,93.2,70.4,80.5,65.3,66.9,0.0,0,0.0,,0,0,14.3,5.8,161.9,1011.2,83.1,,242.9,21.0,9,,2020-11-16T06:31:52,2020-11-16T18:16:58,0.04,Partially cloudy,Partly cloudy throughout the day.,partly-cloudy-day,remote
"Osun, Ekiti, Nigeria",2020-11-17,93.3,71.3,80.9,92.3,71.3,81.3,67.1,68.3,0.0,0,0.0,,0,0,14.5,4.9,151.4,1010.8,52.4,,214.9,18.3,9,,2020-11-17T06:32:13,2020-11-17T18:17:01,0.07,Partially cloudy,Partly cloudy throughout the day.,partly-cloudy-day,remote
"Osun, Ekiti, Nigeria",2020-11-18,92.7,70.4,79.6,89.3,70.4,78.6,59.2,58.1,0.0,0,0.0,,0,0,13.2,6.3,22.9,1010.6,25.9,,263.4,22.7,9,,2020-11-18T06:32:35,2020-11-18T18:17:05,0.11,Partially cloudy,Partly cloudy throughout the day.,partly-cloudy-day,remote
"Osun, Ekiti, Nigeria",2020-11-19,92.6,66.8,78.2,89.5,66.8,77.2,55.5,51.8,0.0,0,0.0,,0,0,17.0,6.0,30.8,1010.5,31.7,,272.0,23.6,9,,2020-11-19T06:32:57,2020-11-19T18:17:10,0.14,Partially cloudy,Becoming cloudy in the afternoon.,partly-cloudy-day,remote
"Osun, Ekiti, Nigeria",2020-11-20,92.6,67.6,78.3,91.1,67.6,77.9,62.2,64.1,0.0,0,0.0,,0,0,11.4,5.4,179.4,1010.1,59.6,,236.0,20.4,9,,2020-11-20T06:33:20,2020-11-20T18:17:17,0.17,Partially cloudy,Partly cloudy throughout the day.,partly-cloudy-day,remote
"Osun, Ekiti, Nigeria",2020-11-21,93.6,68.8,79.5,90.9,68.8,78.8,62.1,63.1,0.0,0,0.0,,0,0,13.0,5.1,74.7,1010.6,77.7,,214.2,18.5,9,,2020-11-21T06:33:43,2020-11-21T18:17:24,0.21,Partially cloudy,Partly cloudy throughout the day.,partly-cloudy-day,remote
"Osun, Ekiti, Nigeria",2020-11-22,94.9,69.3,80.7,92.2,69.3,79.6,58.9,55.8,0.0,0,0.0,,0,0,17.2,6.5,12.8,1011.3,83.9,,264.1,22.9,9,,2020-11-22T06:34:07,2020-11-22T18:17:32,0.25,Partially cloudy,Partly cloudy throughout the day.,partly-cloudy-day,remote
"Osun, Ekiti, Nigeria",2020-11-23,94.4,70.2,81.3,92.7,70.2,80.7,62.9,60.8,0.0,0,0.0,,0,0,13.2,6.3,220.3,1012.2,76.0,,249.9,21.8,9,,2020-11-23T06:34:32,2020-11-23T18:17:41,0.27,Partially cloudy,Partly cloudy throughout the day.,partly-cloudy-day,remote
"Osun, Ekiti, Nigeria",2020-11-24,92.7,71.9,80.9,91.3,71.9,80.5,65.1,65.9,0.0,0,0.0,,0,0,15.4,6.3,220.3,1012.1,76.8,,211.4,18.1,9,,2020-11-24T06:34:57,2020-11-24T18:17:52,0.3,Partially cloudy,Partly cloudy throughout the day.,partly-cloudy-day,remote
"Osun, Ekiti, Nigeria",2020-11-25,92.4,70.8,79.9,91.0,70.8,79.5,63.7,63.6,0.0,0,0.0,,0,0,17.7,6.0,209.4,1010.9,93.8,,207.1,17.9,8,,2020-11-25T06:35:23,2020-11-25T18:18:03,0.34,Overcast,Cloudy skies throughout the day.,cloudy,remote
"Osun, Ekiti, Nigeria",2020-11-26,93.6,71.7,80.6,92.8,71.7,80.5,65.2,65.2,0.0,0,0.0,,0,0,14.5,6.7,191.6,1010.4,79.7,,186.3,16.0,8,,2020-11-26T06:35:49,2020-11-26T18:18:15,0.37,Partially cloudy,Partly cloudy throughout the day.,partly-cloudy-day,remote
"Osun, Ekiti, Nigeria",2020-11-27,90.4,72.1,79.2,94.6,72.1,80.8,70.7,77.4,0.055,100,20.83,rain,0,0,18.8,6.5,203.6,1011.3,63.6,,194.6,16.6,8,,2020-11-27T06:36:16,2020-11-27T18:18:28,0.4,"Rain, Partially cloudy",Partly cloudy throughout the day with rain.,rain,remote
"Osun, Ekiti, Nigeria",2020-11-28,90.6,71.5,79.9,92.1,71.5,80.6,67.7,70.6,0.02,100,16.67,rain,0,0,19.0,6.0,179.1,1011.9,51.4,,194.1,16.6,7,,2020-11-28T06:36:43,2020-11-28T18:18:42,0.44,"Rain, Partially cloudy",Partly cloudy throughout the day with rain in the morning and afternoon.,rain,remote
"Osun, Ekiti, Nigeria",2020-11-29,94.0,69.9,80.7,93.0,69.9,80.5,64.2,64.2,0.0,0,0.0,,0,0,16.3,6.9,156.7,1011.7,40.4,,226.5,19.5,8,,2020-11-29T06:37:10,2020-11-29T18:18:57,0.47,Partially cloudy,Clearing in the afternoon.,partly-cloudy-day,remote
"Osun, Ekiti, Nigeria",2020-11-30,95.6,70.2,80.5,92.4,70.2,79.5,59.6,57.7,0.0,0,0.0,,0,0,15.0,5.6,229.8,1011.6,57.2,,254.2,22.0,9,,2020-11-30T06:37:38,2020-11-30T18:19:13,0.5,Partially cloudy,Partly cloudy throughout the day.,partly-cloudy-day,remote
"Osun, Ekiti, Nigeria",2020-12-01,96.7,70.2,81.1,94.3,70.2,80.6,63.6,63.4,0.0,0,0.0,,0,0,13.2,6.5,179.8,1011.4,24.5,,253.9,22.0,9,,2020-12-01T06:38:07,2020-12-01T18:19:30,0.54,Partially cloudy,Clearing in the afternoon.,partly-cloudy-day,remote
"Osun, Ekiti, Nigeria",2020-12-02,95.1,71.0,81.2,93.1,71.0,80.7,62.6,61.6,0.0,0,0.0,,0,0,15.0,6.9,226.1,1011.5,33.0,,245.5,21.2,9,,2020-12-02T06:38:36,2020-12-02T18:19:48,0.57,Partially cloudy,Clearing in the afternoon.,partly-cloudy-day,remote
"Osun, Ekiti, Nigeria",2020-12-03,95.6,71.7,81.2,93.2,71.7,80.5,63.6,63.5,0.0,0,0.0,,0,0,14.5,6.5,231.7,1012.0,45.8,,246.6,21.2,9,,2020-12-03T06:39:05,2020-12-03T18:20:07,0.61,Partially cloudy,Clearing in the afternoon.,partly-cloudy-day,remote
"Osun, Ekiti, Nigeria",2020-12-04,96.0,70.6,81.0,93.6,70.6,80.4,64.6,66.1,0.0,0,0.0,,0,0,16.1,6.3,213.1,1012.7,36.9,,243.4,21.0,9,,2020-12-04T06:39:34,2020-12-04T18:20:26,0.64,Partially cloudy,Clearing in the afternoon.,partly-cloudy-day,remote
"Osun, Ekiti, Nigeria",2020-12-05,94.9,70.8,81.4,95.6,70.8,81.7,66.4,66.8,0.0,0,0.0,,0,0,16.3,6.5,202.3,1012.1,42.2,,224.3,19.3,8,,2020-12-05T06:40:04,2020-12-05T18:20:46,0.68,Partially cloudy,Partly cloudy throughout the day.,partly-cloudy-day,remote
"Osun, Ekiti, Nigeria",2020-12-06,97.2,72.1,82.2,96.5,72.1,82.2,67.0,67.6,0.0,0,0.0,,0,0,14.5,6.7,191.7,1011.5,38.6,,236.0,20.5,9,,2020-12-06T06:40:34,2020-12-06T18:21:07,0.71,Partially cloudy,Clearing in the afternoon.,partly-cloudy-day,remote
"Osun, Ekiti, Nigeria",2020-12-07,95.8,72.9,82.4,94.0,72.9,82.4,67.0,67.6,0.0,0,0.0,,0,0,15.2,7.4,191.7,1012.5,51.9,,205.5,17.8,8,,2020-12-07T06:41:04,2020-12-07T18:21:29,0.75,Partially cloudy,Clearing in the afternoon.,partly-cloudy-day,remote
"Osun, Ekiti, Nigeria",2020-12-08,95.8,72.2,81.8,94.2,72.2,81.6,65.9,66.5,0.0,0,0.0,,0,0,18.1,6.9,185.3,1012.7,71.2,,213.8,18.3,8,,2020-12-08T06:41:34,2020-12-08T18:21:52,0.75,Partially cloudy,Partly cloudy throughout the day.,partly-cloudy-day,remote
"Osun, Ekiti, Nigeria",2020-12-09,93.5,71.7,80.8,93.5,71.7,81.2,68.0,71.3,0.0,0,0.0,,0,0,16.3,7.4,195.8,1011.9,95.3,,206.7,17.8,8,,2020-12-09T06:42:05,2020-12-09T18:22:15,0.82,Overcast,Cloudy skies throughout the day.,cloudy,remote
"Osun, Ekiti, Nigeria",2020-12-10,95.4,73.1,81.9,94.3,73.1,82.0,68.1,70.6,0.0,0,0.0,,0,0,15.9,6.5,219.9,1012.0,59.9,,210.1,18.0,8,,2020-12-10T06:42:36,2020-12-10T18:22:39,0.85,Partially cloudy,Partly cloudy throughout the day.,partly-cloudy-day,remote
"Osun, Ekiti, Nigeria",2020-12-11,94.4,72.9,81.7,94.1,72.9,81.6,66.6,67.1,0.0,0,0.0,,0,0,19.5,6.9,237.0,1012.0,43.6,,228.0,19.7,9,,2020-12-11T06:43:07,2020-12-11T18:23:03,0.89,Partially cloudy,Clearing in the afternoon.,partly-cloudy-day,remote
"Osun, Ekiti, Nigeria",2020-12-12,94.4,73.3,82.1,93.4,73.3,82.3,67.5,68.5,0.0,0,0.0,,0,0,17.0,6.9,219.5,1011.4,51.1,,218.3,18.9,9,,2020-12-12T06:43:37,2020-12-12T18:23:29,0.92,Partially cloudy,Clearing in the afternoon.,partly-cloudy-day,remote
"Osun, Ekiti, Nigeria",2020-12-13,94.0,73.7,81.5,92.8,73.7,81.7,67.3,68.7,0.008,100,4.17,rain,0,0,18.8,6.0,205.6,1010.7,52.6,,202.7,17.4,8,,2020-12-13T06:44:08,2020-12-13T18:23:54,0.96,"Rain, Partially cloudy",Partly cloudy throughout the day with late afternoon rain.,rain,remote
"Osun, Ekiti, Nigeria",2020-12-14,96.0,72.1,81.5,96.2,72.1,81.6,67.4,69.2,0.004,100,4.17,rain,0,0,17.4,6.7,200.0,1010.4,54.7,,211.5,18.1,8,,2020-12-14T06:44:39,2020-12-14T18:24:21,0.0,"Rain, Partially cloudy",Partly cloudy throughout the day with afternoon rain.,rain,remote
"Osun, Ekiti, Nigeria",2020-12-15,94.0,72.4,80.0,93.8,72.4,80.3,67.8,71.4,0.008,100,4.17,rain,0,0,14.1,5.8,193.9,1010.3,73.1,,192.6,16.6,7,,2020-12-15T06:45:10,2020-12-15T18:24:48,0.03,"Rain, Partially cloudy",Partly cloudy throughout the day with afternoon rain.,rain,remote
"Osun, Ekiti, Nigeria",2020-12-16,93.3,70.2,80.5,92.9,70.2,80.2,64.2,64.5,0.0,0,0.0,,0,0,17.0,5.6,178.0,1010.8,71.8,,216.0,18.7,8,,2020-12-16T06:45:41,2020-12-16T18:25:15,0.06,Partially cloudy,Partly cloudy throughout the day.,partly-cloudy-day,remote
"Osun, Ekiti, Nigeria",2020-12-17,95.3,70.8,80.6,91.9,70.8,79.4,60.3,60.3,0.0,0,0.0,,0,0,13.4,5.8,256.0,1011.0,44.3,,239.4,20.7,9,,2020-12-17T06:46:12,2020-12-17T18:25:44,0.09,Partially cloudy,Clearing in the afternoon.,partly-cloudy-day,remote
"Osun, Ekiti, Nigeria",2020-12-18,93.5,70.4,80.3,91.8,70.4,79.8,63.2,63.3,0.0,0,0.0,,0,0,14.5,5.6,234.8,1011.1,46.7,,238.9,20.6,9,,2020-12-18T06:46:42,2020-12-18T18:26:12,0.12,Partially cloudy,Clearing in the afternoon.,partly-cloudy-day,remote
"Osun, Ekiti, Nigeria",2020-12-19,94.9,70.1,81.2,92.1,70.1,80.3,61.9,60.9,0.0,0,0.0,,0,0,11.6,5.6,197.0,1010.6,39.3,,243.8,21.1,9,,2020-12-19T06:47:13,2020-12-19T18:26:41,0.15,Partially cloudy,Partly cloudy throughout the day.,partly-cloudy-day,remote
"Osun, Ekiti, Nigeria",2020-12-20,92.9,72.2,81.4,92.0,72.2,80.8,63.9,62.9,0.0,0,0.0,,0,0,13.2,5.6,225.3,1011.0,33.5,,217.4,18.7,8,,2020-12-20T06:47:43,2020-12-20T18:27:10,0.19,Partially cloudy,Partly cloudy throughout the day.,partly-cloudy-day,remote
"Osun, Ekiti, Nigeria",2020-12-21,93.8,72.1,80.9,91.8,72.1,80.2,61.6,59.1,0.0,0,0.0,,0,0,15.4,5.4,331.7,1011.2,51.0,,232.5,20.0,8,,2020-12-21T06:48:13,2020-12-21T18:27:40,0.22,Partially cloudy,Partly cloudy throughout the day.,partly-cloudy-day,remote
"Osun, Ekiti, Nigeria",2020-12-22,95.1,68.8,80.7,92.7,68.8,79.9,60.8,58.4,0.0,0,0.0,,0,0,11.6,5.6,212.6,1010.8,75.4,,235.7,20.4,9,,2020-12-22T06:48:42,2020-12-22T18:28:10,0.25,Partially cloudy,Partly cloudy throughout the day.,partly-cloudy-day,remote
"Osun, Ekiti, Nigeria",2020-12-23,96.2,71.7,81.7,93.5,71.7,80.9,62.3,60.3,0.0,0,0.0,,0,0,11.4,5.6,205.1,1010.6,26.2,,227.7,19.6,8,,2020-12-23T06:49:12,2020-12-23T18:28:40,0.28,Partially cloudy,Clearing in the afternoon.,partly-cloudy-day,remote
"Osun, Ekiti, Nigeria",2020-12-24,93.5,71.9,81.5,91.6,71.9,81.2,64.3,62.4,0.0,0,0.0,,0,0,12.8,6.0,187.5,1010.5,59.1,,204.6,17.6,8,,2020-12-24T06:49:41,2020-12-24T18:29:11,0.32,Partially cloudy,Partly cloudy throughout the day.,partly-cloudy-day,remote
"Osun, Ekiti, Nigeria",2020-12-25,94.7,70.1,81.7,91.0,70.1,80.2,54.7,48.7,0.0,0,0.0,,0,0,18.3,8.7,31.3,1009.6,9.0,,253.7,22.0,9,,2020-12-25T06:50:09,2020-12-25T18:29:42,0.35,Clear,Clear conditions throughout the day.,clear-day,remote
"Osun, Ekiti, Nigeria",2020-12-26,94.0,66.3,79.0,89.6,66.3,77.5,41.2,27.9,0.0,0,0.0,,0,0,18.1,7.4,26.4,1009.7,5.9,,257.9,22.2,9,,2020-12-26T06:50:38,2020-12-26T18:30:13,0.38,Clear,Clear conditions throughout the day.,clear-day,remote
"Osun, Ekiti, Nigeria",2020-12-27,94.2,64.1,78.6,90.4,64.1,77.2,43.7,30.8,0.0,0,0.0,,0,0,13.9,6.3,15.9,1009.9,0.6,,255.3,22.1,9,,2020-12-27T06:51:05,2020-12-27T18:30:44,0.41,Clear,Clear conditions throughout the day.,clear-day,remote
"Osun, Ekiti, Nigeria",2020-12-28,94.2,65.6,78.8,90.0,65.6,77.3,43.8,31.2,0.0,0,0.0,,0,0,11.9,5.8,20.7,1009.9,84.7,,253.4,21.8,9,,2020-12-28T06:51:33,2020-12-28T18:31:15,0.45,Partially cloudy,Partly cloudy throughout the day.,partly-cloudy-day,remote
"Osun, Ekiti, Nigeria",2020-12-29,93.8,63.4,78.8,89.9,63.4,77.3,45.9,35.4,0.0,0,0.0,,0,0,14.5,4.7,18.3,1009.6,43.3,,256.2,22.2,9,,2020-12-29T06:52:00,2020-12-29T18:31:46,0.48,Partially cloudy,Partly cloudy throughout the day.,partly-cloudy-day,remote
"Osun, Ekiti, Nigeria",2020-12-30,94.9,64.3,78.8,91.5,64.3,77.3,51.4,46.5,0.0,0,0.0,,0,0,13.0,6.3,22.4,1010.3,63.2,,251.2,21.7,9,,2020-12-30T06:52:26,2020-12-30T18:32:18,0.5,Partially cloudy,Partly cloudy throughout the day.,partly-cloudy-day,remote
"Osun, Ekiti, Nigeria",2020-12-31,96.5,63.8,80.0,93.1,63.8,78.6,50.6,41.3,0.0,0,0.0,,0,0,14.5,5.8,358.3,1010.5,37.6,,254.6,22.0,9,,2020-12-31T06:52:52,2020-12-31T18:32:49,0.55,Partially cloudy,Partly cloudy throughout the day.,partly-cloudy-day,remote
